date,time,country_logo,country,league_name,home_team_logo,home_team,home_rank,away_team_logo,away_team,away_rank,exp_val_h,exp_val_d,exp_val_a,advice,value_bets,form_home,form_away,all_form_home,all_form_away,ppg_h,ppg_h_all,ppg_a,ppg_a_all,goals_h,xg_h,goals_a,xg_a,conceded_h,xga_h,conceded_a,xga_a,1h_o05_h,1h_o05_a,2h_o05_h,2h_o05_a,team_goals_0_5_h,team_goals_1_5_h,team_goals_0_5_a,team_goals_1_5_a,match_goals_1_5_a,match_goals_2_5_h,match_goals_1_5_h,match_goals_2_5_a,clean_sheet_h,clean_sheet_a,ht_win_rates_h,ft_win_rates_h,ht_win_rates_a,ft_win_rates_a,h2h_hva_record,h2h_hva_games,h2h_all_record,h2h_all_games,h2h_h_ppg,h2h_a_ppg,h2h_h_goals_scored,h2h_a_goals_scored,HeadToHeadHomeXG,HeadToHeadAwayXG,h2h_hva_o1_5,h2h_hva_o2_5,h2h_hva_u2_5,h2h_hva_u3_5,insights_home,insights_away,insights_total_h,insights_total_a,confidence_score,pred_outcome,pred_outcome_conf,pred_goals,pred_goals_conf,pred_corners,pred_corners_conf,pred_cards,pred_cards_conf,pred_alt,pred_alt_conf,rec_prediction,match_id,Last5_HomeBothTeamsToScore,Last5HomeAvergeTotalShots,Last5HomeAvergeTotalShotsOnGoal,Last5HomeAvergeTotalFouls,Last5HomeAvergeTotalcorners,Last5HomeAvergeTotalYellowCards,Last5HomeAvergeTotalRedCards,Last5_AwayBothTeamsToScore,Last5AwayAvergeTotalShots,Last5AwayAvergeTotalShotsOnGoal,Last5AwayAvergeTotalFouls,Last5AwayAvergeTotalcorners,Last5AwayAvergeTotalYellowCards,Last5AwayAvergeTotalRedCards,Last5HomeOver7Corners,Last5HomeOver8Corners,Last5HomeOver9Corners,Last5HomeOver10Corners,Last5HomeAvergeTotalYellowCards.1,Last5HomeOver1YellowCards,Last5HomeOver2YellowCards,Last5HomeOver3YellowCards,Last5HomeOver4YellowCards,Last5HomeAvergeTotalRedCards.1,Last5AwayOver7Corners,Last5AwayOver8Corners,Last5AwayOver9Corners,Last5AwayOver10Corners,Last5AwayAvergeTotalYellowCards.1,Last5AwayOver1YellowCards,Last5AwayOver2YellowCards,Last5AwayOver3YellowCards,Last5AwayOver4YellowCards,Last5AwayAvergeTotalRedCards.1,l5_league_avg_btts,l5HomeLeagueCleanSheet,l5AwayLeagueCleanSheet,l5_home_for_league_avg_shots,l5_home_for_league_avg_sot,l5_home_for_league_avg_corners,l5_home_for_league_avg_fouls,l5_home_for_league_avg_yellow_cards,l5_home_for_league_avg_red_cards,l5_away_for_league_avg_shots,l5_away_for_league_avg_sot,l5_away_for_league_avg_corners,l5_away_for_league_avg_fouls,l5_away_for_league_avg_yellow_cards,l5_away_for_league_avg_red_cards,l5_away_against_league_avg_shots,l5_away_against_league_avg_sot,l5_away_against_league_avg_corners,l5_away_against_league_avg_fouls,l5_away_against_league_avg_yellow_cards,l5_away_against_league_avg_red_cards,l5_home_against_league_avg_shots,l5_home_against_league_avg_sot,l5_home_against_league_avg_corners,l5_home_against_league_avg_fouls,l5_home_against_league_avg_yellow_cards,l5_home_against_league_avg_red_cards,l5_home_corners_for,l5_home_corners_against,l5_away_corners_for,l5_away_corners_against,l5_home_cards_for,l5_home_cards_against,l5_away_cards_for,l5_away_cards_against,l5_home_fouls_for,l5_home_fouls_against,l5_away_fouls_for,l5_away_fouls_against,HeadToHeadBTTS,HeadToHeadHomeFirstHalfGoalsScored,HeadToHeadAwayFirstHalfGoalsScored,HeadToHeadHomeSecondHalfGoalsScored,HeadToHeadAwaySecondHalfGoalsScored,HeadToHeadHomeTotalShots,HeadToHeadAwayTotalShots,HeadToHeadHomeShotsOnTarget,HeadToHeadAwayShotsOnTarget,HeadToHeadHomeFouls,HeadToHeadAwayFouls,HeadToHeadHomeCorners,HeadToHeadAwayCorners,HeadToHeadHomeYellowCards,HeadToHeadAwayYellowCards,HeadToHeadHomeRedCards,HeadToHeadAwayRedCards,HeadToHeadOver7Corners,HeadToHeadOver8Corners,HeadToHeadOver9Corners,HeadToHeadOver10Corners,HeadToHeadOver1YellowCards,HeadToHeadOver2YellowCards,HeadToHeadOver3YellowCards,HeadToHeadOver4YellowCards,Referee,RefSeasonAvgTotalCards,RefSeasonAvgHomeTeamCards,RefSeasonAvgAwayTeamCards,RefLast5AvgTotalCards,RefLast5AvgHomeTeamCards,RefLast5AvgAwayTeamCards,RefLast5HomeTeamCards,RefLast5AwayTeamCards,RefSeasonCardsPerFoul,RefSeasonCardsPerFoulHome,RefSeasonCardsPerFoulAway,RefLast5CardsPerFoul,RefLast5CardsPerFoulHome,RefLast5CardsPerFoulAway,RefSeasonStrictnessIndex,RefSeasonHomeStrictnessIndex,RefSeasonAwayStrictnessIndex,RefLast5StrictnessIndex,RefLast5HomeStrictnessIndex,RefLast5AwayStrictnessIndex,RefSeasonStrictnessLabel,RefSeasonHomeStrictnessLabel,RefSeasonAwayStrictnessLabel,RefLast5StrictnessLabel,RefLast5HomeLabel,RefLast5AwayLabel,Match Winner_HomeOdds,Match Winner_DrawOdds,Match Winner_AwayOdds,Double Chance_Home/DrawOdds,Double Chance_Home/AwayOdds,Double Chance_Draw/AwayOdds,Home/Away_HomeOdds,Home/Away_AwayOdds,Both Teams Score_YesOdds,Both Teams Score_NoOdds,Total - Home_Over 0.5Odds,Total - Home_Under 0.5Odds,Total - Home_Over 1.5Odds,Total - Home_Under 1.5Odds,Total - Home_Over 2.5Odds,Total - Home_Under 2.5Odds,Total - Away_Over 0.5Odds,Total - Away_Under 0.5Odds,Total - Away_Over 1.5Odds,Total - Away_Under 1.5Odds,Total - Away_Over 2.5Odds,Total - Away_Under 2.5Odds,Goals Over/Under_Over 0.5Odds,Goals Over/Under_Under 0.5Odds,Goals Over/Under_Over 1.5Odds,Goals Over/Under_Under 1.5Odds,Goals Over/Under_Over 2.5Odds,Goals Over/Under_Under 2.5Odds,Goals Over/Under_Over 3.5Odds,Goals Over/Under_Under 3.5Odds,Goals Over/Under_Over 4.5Odds,Goals Over/Under_Under 4.5Odds,Goals Over/Under_Over 1.0Odds,Goals Over/Under_Under 1.0Odds,Goals Over/Under_Over 2.0Odds,Goals Over/Under_Under 2.0Odds,Goals Over/Under_Over 3.0Odds,Goals Over/Under_Under 3.0Odds,Goals Over/Under_Over 4.0Odds,Goals Over/Under_Under 4.0Odds,Corners Over Under_Over 8.5Odds,Corners Over Under_Under 8.5Odds,Corners Over Under_Over 9Odds,Corners Over Under_Under 9Odds,Corners Over Under_Over 9.5Odds,Corners Over Under_Under 9.5Odds,Corners Over Under_Over 10Odds,Corners Over Under_Under 10Odds,Corners Over Under_Over 10.5Odds,Corners Over Under_Under 10.5Odds,Corners Over Under_Over 11Odds,Corners Over Under_Under 11Odds,Corners Over Under_Over 11.5Odds,Corners Over Under_Under 11.5Odds,Cards Over/Under_Over 3.5Odds,Cards Over/Under_Under 3.5Odds,Cards Over/Under_Over 4.0Odds,Cards Over/Under_Under 4.0Odds,First Half Winner_HomeOdds,First Half Winner_DrawOdds,First Half Winner_AwayOdds,Second Half Winner_HomeOdds,Second Half Winner_DrawOdds,Second Half Winner_AwayOdds,Goals Over/Under First Half_Over 0.5Odds,Goals Over/Under First Half_Under 0.5Odds,Goals Over/Under First Half_Over 1.0Odds,Goals Over/Under First Half_Under 1.0Odds,Goals Over/Under First Half_Over 1.5Odds,Goals Over/Under First Half_Under 1.5Odds,Goals Over/Under First Half_Over 2.0Odds,Goals Over/Under First Half_Under 2.0Odds,Double Chance - First Half_Home/DrawOdds,Double Chance - First Half_Home/AwayOdds,Double Chance - First Half_Draw/AwayOdds,Double Chance - Second Half_Home/DrawOdds,Double Chance - Second Half_Home/AwayOdds,Double Chance - Second Half_Draw/AwayOdds,Both Teams Score - First Half_YesOdds,Both Teams Score - First Half_NoOdds,Draw No Bet (1st Half)_HomeOdds,Draw No Bet (1st Half)_AwayOdds,Draw No Bet (2nd Half)_HomeOdds,Draw No Bet (2nd Half)_AwayOdds,Home Team Total Goals(1st Half)_Over 0.5Odds,Home Team Total Goals(1st Half)_Under 0.5Odds,Away Team Total Goals(1st Half)_Over 0.5Odds,Away Team Total Goals(1st Half)_Under 0.5Odds,Home Team Total Goals(1st Half)_Over 1.5Odds,Home Team Total Goals(1st Half)_Under 1.5Odds,Away Team Total Goals(1st Half)_Over 1.5Odds,Away Team Total Goals(1st Half)_Under 1.5Odds,Home Team Total Goals(1st Half)_Over 2.5Odds,Home Team Total Goals(1st Half)_Under 2.5Odds,Away Team Total Goals(1st Half)_Over 2.5Odds,Away Team Total Goals(1st Half)_Under 2.5Odds,Home Team Total Goals(2nd Half)_Over 0.5Odds,Home Team Total Goals(2nd Half)_Under 0.5Odds,Away Team Total Goals(2nd Half)_Over 0.5Odds,Away Team Total Goals(2nd Half)_Under 0.5Odds,Home Team Total Goals(2nd Half)_Over 1.5Odds,Home Team Total Goals(2nd Half)_Under 1.5Odds,Away Team Total Goals(2nd Half)_Over 1.5Odds,Away Team Total Goals(2nd Half)_Under 1.5Odds,Home Team Total Goals(2nd Half)_Over 2.5Odds,Home Team Total Goals(2nd Half)_Under 2.5Odds,Away Team Total Goals(2nd Half)_Over 2.5Odds,Away Team Total Goals(2nd Half)_Under 2.5Odds,Total Corners (1st Half)_Over 4Odds,Total Corners (1st Half)_Under 4Odds,Total Corners (1st Half)_Over 5Odds,Total Corners (1st Half)_Under 5Odds,Total Corners (1st Half)_Over 4.5Odds,Total Corners (1st Half)_Under 4.5Odds,Total Corners (1st Half)_Over 5.5Odds,Total Corners (1st Half)_Under 5.5Odds,FixtureID,HomeGoals,AwayGoals,FTResult,Corners,YellowCards,RedCards,HTRHome,HTRDraw,HTRAway,HTResult,FTTotalGoalsOver0.5,FTTotalGoalsOver1.5,FTTotalGoalsOver2.5,FTTotalGoalsOver3.5,FTBTTS,FHTTotalGoalsOver0.5,FHTTotalGoalsOver1.5,FHTTotalGoalsOver2.5,FHTTotalGoalsOver3.5,SHTTotalGoalsOver0.5,SHTTotalGoalsOver1.5,SHTTotalGoalsOver2.5,SHTTotalGoalsOver3.5,HomeWinToNil,AwayWinToNil,ScoredFirstTime,ScoredFirst,HomeSOTResults,HomeShotsResults,HomeFoulsResults,HomeCornersResults,HomeOffsidesResults,HomeBallPossessionResults,HomeYellowsResults,HomeRedsResults,HomeGoalKeeperSavesResults,HomeXGResults,AwaySOTResults,AwayShotsResults,AwayFoulsResults,AwayCornersResults,AwayOffsidesResults,AwayBallPossessionResults,AwayYellowsResults,AwayRedsResults,AwayGoalKeeperSavesResults,AwayXGResults
03/06/2025,00:00,https://media.api-sports.io/flags/br.svg,Brazil,Serie B,https://media.api-sports.io/football/teams/132.png,Chapecoense-sc,7th,https://media.api-sports.io/football/teams/10862.png,Amazonas,18th,0.2702411690380706,,,Double chance : Chapecoense-sc or draw,H(1.92),LWWWW,LLLDL,WLWDW,LWDDL,2.4,2.0,0.2,2.2,2.8,,0.2,,0.6,,2.2,,1.0,1.0,1.0,0.6,1.0,1.0,0.2,0.0,1.0,1.0,0.6,0.4,0.8,0.0,0.6,1.0,0.2,0.0,(2-0-0),2,(3-0-0),3,3.0,0.0,3.0,0.0,,,1.0,0.5,0.5,0.5,"   - Home goals/game: 2.00 (+51.52% ðŸ”¼ avg )
   - *Home corners/game*: 5.00 (+-13.94% ðŸ”¼ avg)","   - Away goals/game: 0.40 (-53.49% ðŸ”» avg)
   - Away corners/game: 3.60 (-21.05% ðŸ”» avg)","   - O8.5 corners: 90.00% (+19.00% ðŸ”¼ avg)
   - U12.5 corners: 90.00% (+15.00% ðŸ”¼ avg)","   - U2.5 goals: 80.00% (+17.00% ðŸ”¼ avg)
   - U3.5 goals: 80.00% (-2.00% ðŸ”¼ avg)
   - U12.5 corners: 80.00% (+5.00% ðŸ”¼ avg)",8.0,Home Win (8/10),8.0,Under 2.5,7.0,Over 9.5,6.0,Over 3.5,5.0,Double Chance 1X (8/10),8.0,Home Win,1353354,0.6,15.2,4.8,13.0,5.2,1.2,,0.2,12.0,2.8,13.8,3.4,2.4,1.0,1.0,0.6,0.4,0.0,1.2,0.6,0.4,0.4,0.0,,1.0,0.8,0.8,0.0,2.4,0.6,0.6,0.6,0.6,1.0,0.4,0.6,0.0,20.8,6.0,6.8,11.2,1.6,0.0,11.0,2.2,4.4,10.2,1.8,1.0,20.8,6.0,6.8,11.2,1.6,0.0,11.0,2.2,4.4,10.2,1.8,1.0,"2.0,2.0,4.0,9.0,9.0","6.0,6.0,5.0,1.0,1.0","7.0,7.0,1.0,1.0,1.0","3.0,3.0,7.0,9.0,9.0","2,2,2,0,0","2,2,0,1,1","3,3,4,1,1","3,3,1,0,0","13,13,9,15,15","6,6,11,6,6","20,20,17,6,6","12,12,10,15,15",0.0,1.00 (1/2),0.00 (0/2),2.00 (2/2),0.00 (0/2),14.0,15.5,6.0,4.0,15.5,7.5,5.5,3.0,3.0,2.0,,,0.5,0.5,0.5,0.0,0.5,0.5,0.5,0.5,Daiane Caroline Muniz dos Santos,1,0,1,1,0,1,0,1,5.0,0.0,17.0,5.0,0.0,17.0,405.0,0.0,127.0,100.0,0.0,100.0,Much Stricter Lately,Much More Lenient,Much Stricter Lately,Consistent,Much More Lenient,Consistent,1.92,3.3,3.65,1.22,1.33,1.85,1.32,3.1,1.91,1.8,1.25,3.8,2.15,1.65,4.8,1.17,1.57,2.3,3.8,1.25,12.0,1.04,1.06,8.0,1.36,2.9,2.23,1.69,4.0,1.22,8.5,1.06,1.05,6.6,1.69,2.23,3.1,1.3,6.85,1.04,1.36,2.9,1.41,2.67,1.57,2.25,1.72,2.05,1.91,1.8,2.19,1.63,2.4,1.5,1.3,2.82,,,2.58,1.98,4.4,2.3,2.25,4.5,1.48,2.61,2.23,1.67,3.2,1.27,6.7,1.06,1.18,1.7,1.5,1.22,1.57,1.55,4.5,1.14,1.37,2.62,1.38,2.57,1.87,1.83,2.77,1.39,5.3,1.12,12.0,1.02,21.0,1.02,50.0,,1.64,2.12,2.3,1.55,4.1,1.2,7.8,1.05,13.0,1.02,38.0,1.01,1.49,2.44,1.85,1.85,1.67,2.07,2.25,1.57,1353354.0,4.0,0.0,H,10.0,1.0,,1.0,0.0,0.0,H,1.0,1.0,1.0,1.0,0.0,1.0,1.0,0.0,0.0,1.0,1.0,0.0,0.0,1.0,0.0,,H,6.0,18.0,15.0,9.0,,44%,0.0,,2.0,,3.0,11.0,6.0,1.0,,56%,1.0,,2.0,
03/06/2025,00:00,https://media.api-sports.io/flags/cl.svg,Chile,Primera DivisiÃ³n,https://media.api-sports.io/football/teams/2331.png,Cobresal,6th,https://media.api-sports.io/football/teams/2319.png,Deportes Iquique,16th,0.1752023277630261,,,Double chance : Cobresal or draw,H(1.63),WDDWL,LDLDL,DLWWW,LLWDL,1.6,2.0,0.4,1.0,1.6,,1.0,0.37,1.0,,2.0,3.01,1.0,0.6,0.4,1.0,0.8,0.4,0.6,0.4,0.8,0.4,1.0,0.6,0.4,0.2,0.4,0.4,0.0,0.0,(1-1-2),4,(3-2-3),8,1.0,1.75,0.75,1.0,,,0.5,0.25,0.75,1.0,"   - *Home goals/game*: 1.50 (+-3.23% ðŸ”¼ avg )
   - Home corners/game: 4.33 (-20.78% ðŸ”» avg)","   - *Away goals/game*: 1.00 (-13.04% ðŸ”» avg )
   - Away corners/game: 3.33 (-20.06% ðŸ”» avg)",   - Total match corners/game: 10.42 (+11.17% ðŸ”¼ avg),"   - Total match goals/game: 3.00 (+11.11% ðŸ”¼ avg)
   - Total match corners/game: 7.25 (-22.63% ðŸ”» avg)
   - O1.5 goals: 81.67% (+7.67% ðŸ”¼ avg)
   - U10.5 corners: 91.67% (+32.67% ðŸ”¼ avg)
   - U12.5 corners: 100.00% (+24.00% ðŸ”¼ avg)",8.0,Home Win (0.8/10),0.0,Over 1.5,0.0,Over 8.5,0.0,Over 3.5,0.0,Double Chance 1X (0.9/10),0.0,Double Chance 1X,1339104,0.8,13.0,5.6,11.0,6.2,3.0,,0.6,9.4,3.0,9.2,2.2,4.8,0.0,1.0,1.0,0.8,0.8,3.0,1.0,1.0,1.0,0.6,,0.4,0.4,0.0,0.0,4.8,1.0,0.8,0.8,0.8,0.0,0.4,0.2,0.4,16.6,4.0,5.6,10.4,1.6,0.0,10.2,3.8,2.6,9.6,1.6,1.0,16.6,4.0,5.6,10.4,1.6,0.0,10.2,3.8,2.6,9.6,1.6,1.0,"6.0,6.0,7.0,7.0,5.0","6.0,6.0,10.0,10.0,4.0","3.0,3.0,2.0,2.0,1.0","6.0,6.0,2.0,2.0,4.0","3,3,3,3,3","3,3,1,1,3","6,6,5,5,2","4,4,1,1,0","12,12,11,11,9","13,13,12,12,10","9,8,11,11,7","9,10,13,13,7",0.5,0.25 (1/4),0.25 (1/4),0.50 (2/4),0.75 (3/4),19.75,10.75,5.25,3.0,12.25,15.0,6.8,4.8,3.0,2.2,,1.0,1.0,1.0,0.5,0.5,1.0,1.0,0.75,0.5,F. Vejar,0,0,0,0,0,0,0,0,0.0,0.0,0.0,0.0,0.0,0.0,0.0,0.0,0.0,0.0,0.0,0.0,0,0,0,0,0,0,1.63,3.8,4.5,1.18,1.25,2.15,1.22,3.7,1.8,1.95,1.14,5.0,1.73,2.05,3.3,1.3,1.53,2.4,3.6,1.25,11.0,1.05,1.05,11.0,1.25,3.75,1.88,2.0,3.0,1.36,5.5,1.13,1.01,9.0,1.41,2.88,2.49,1.55,4.8,1.11,1.65,2.1,1.83,1.91,2.1,1.67,2.39,1.53,2.62,1.42,3.25,1.29,3.4,1.29,,,,,2.25,2.2,4.5,2.05,2.5,4.8,1.3,3.1,1.84,2.02,2.72,1.44,5.25,1.11,1.15,1.6,1.65,1.17,1.5,1.73,4.1,1.17,1.33,2.95,1.34,2.92,1.67,2.07,2.62,1.43,4.2,1.19,10.0,1.03,13.0,1.02,50.0,,1.49,2.45,2.17,1.61,3.3,1.29,7.1,1.07,8.6,1.04,34.0,1.01,1.56,2.24,2.43,1.49,2.0,1.72,2.87,1.37,1339104.0,2.0,1.0,H,12.0,7.0,,1.0,0.0,0.0,H,1.0,1.0,1.0,0.0,1.0,1.0,0.0,0.0,0.0,1.0,1.0,0.0,0.0,0.0,0.0,,H,8.0,21.0,12.0,7.0,2.0,50%,4.0,,6.0,,6.0,13.0,10.0,5.0,0.0,50%,3.0,,6.0,
03/06/2025,00:00,https://media.api-sports.io/flags/uy.svg,Uruguay,Primera DivisiÃ³n - Apertura,https://media.api-sports.io/football/teams/2361.png,Boston River,6th,https://media.api-sports.io/football/teams/2353.png,Juventud,4th,,,,Combo Double chance : Boston River or draw and -3.5 goals,A(2.49),LLWWW,LWWLD,LDWWW,WWWDW,1.8,2.0,1.4,3.0,1.6,,1.2,,0.8,,1.4,,0.8,0.6,0.4,0.6,0.8,0.4,0.6,0.6,0.4,0.4,0.6,0.6,0.0,0.0,0.8,0.8,0.2,0.2,(1-0-0),1,(4-0-2),6,3.0,0.0,3.0,2.0,,,1.0,1.0,0.0,0.0,,,,,,,,,,,,,,,,,1376001,0.4,,,,,,,0.6,,,,,,,0.0,0.0,0.0,0.0,,0.0,0.0,0.0,0.0,,0.0,0.0,0.0,0.0,,0.0,0.0,0.0,0.0,,0.6,0.2,0.0,,,,,,,,,,,,,,,,,,,,,,,,,"nan,nan,nan,nan,nan","nan,nan,nan,nan,nan","nan,nan,nan,nan,nan","nan,nan,nan,nan,nan","0,0,0,0,0","0,0,0,0,0","0,0,0,0,0","0,0,0,0,0","0,0,0,0,0","0,0,0,0,0","0,0,0,0,0","0,0,0,0,0",1.0,2.00 (1/1),0.00 (0/1),1.00 (1/1),2.00 (1/1),,,,,,,,,,,,,,,,,,,,,,0,0,0,0,0,0,0,0,0.0,0.0,0.0,0.0,0.0,0.0,0.0,0.0,0.0,0.0,0.0,0.0,0,0,0,0,0,0,2.59,3.0,2.49,1.5,1.36,1.4,1.93,1.77,1.91,1.83,1.4,2.88,2.9,1.36,8.0,1.08,1.36,3.0,2.75,1.4,7.0,1.08,1.08,7.5,1.4,2.8,2.25,1.62,4.2,1.2,9.0,1.06,1.06,6.35,1.68,2.16,3.34,1.24,8.1,1.02,1.75,1.95,2.01,1.75,2.2,1.6,2.63,1.43,2.88,1.36,3.65,1.22,3.8,1.22,,,,,3.4,1.91,3.3,3.1,2.2,3.1,1.42,2.55,2.23,1.61,2.95,1.32,7.9,1.03,1.3,1.78,1.3,1.38,1.62,1.33,4.6,1.14,1.9,1.8,1.88,1.87,2.32,1.54,2.22,1.58,6.8,1.08,6.4,1.09,12.5,1.01,12.5,1.01,1.95,1.76,1.9,1.8,5.6,1.12,5.4,1.13,11.75,1.02,11.5,1.02,1.88,1.86,,,2.3,1.56,3.3,1.3,1376001.0,3.0,2.0,H,,,,1.0,0.0,0.0,H,1.0,1.0,1.0,1.0,1.0,1.0,1.0,0.0,0.0,1.0,1.0,1.0,0.0,0.0,0.0,,H,,,,,,,,,,,,,,,,,,,,
07/06/2025,00:00,https://media.api-sports.io/flags/br.svg,Brazil,Serie B,https://media.api-sports.io/football/teams/7834.png,Novorizontino,3rd,https://media.api-sports.io/football/teams/132.png,Chapecoense-sc,7th,,,,Double chance : Novorizontino or draw,,WDWDW,LWLDL,WWWDL,WLWDW,2.2,2.2,0.8,1.6,2.2,,0.6,0.51,1.4,,1.2,2.92,1.0,0.0,1.0,1.0,1.0,1.0,0.6,0.0,1.0,1.0,0.6,0.2,0.4,0.0,0.4,0.6,0.0,0.0,(1-0-2),3,(2-2-2),6,1.0,2.0,0.67,1.67,2.78,1.76,0.6666666666666666,0.6666666666666666,0.3333333333333333,1.0,,,,,,,,,,,,,,,,,1353368,1.0,18.0,4.4,14.0,7.6,1.0,0.0,0.6,11.2,3.6,11.2,4.2,1.6,,1.0,1.0,1.0,0.6,1.0,1.0,1.0,0.4,0.4,0.0,1.0,1.0,1.0,1.0,1.6,1.0,0.6,0.6,0.2,,0.4,0.2,0.4,18.0,5.6,9.0,10.4,1.8,1.0,11.0,2.8,3.2,12.6,2.8,1.0,18.0,5.6,9.0,10.4,1.8,1.0,11.0,2.8,3.2,12.6,2.8,1.0,"7.0,7.0,8.0,8.0,8.0","6.0,6.0,2.0,2.0,3.0","5.0,5.0,1.0,1.0,9.0","7.0,7.0,10.0,10.0,5.0","0,0,2,2,1","3,3,3,3,2","1,1,2,2,2","1,1,2,2,3","11,11,21,21,6","15,15,13,13,8","13,13,10,10,10","13,13,10,10,8",0.3333333333333333,0.67 (2/3),0.67 (1/3),0.00 (0/3),1.00 (2/3),17.0,13.0,5.0,4.33,11.67,11.67,6.3,5.3,1.7,2.0,1.0,,1.0,1.0,0.6666666666666666,0.6666666666666666,1.0,1.0,0.6666666666666666,0.0,,0,0,0,0,0,0,0,0,0.0,0.0,0.0,0.0,0.0,0.0,0.0,0.0,0.0,0.0,0.0,0.0,0,0,0,0,0,0,1.42,4.2,7.0,1.09,1.22,2.75,1.11,5.5,2.25,1.57,1.12,5.25,1.65,2.1,3.0,1.33,1.95,1.75,5.75,1.1,11.75,1.02,1.04,8.5,1.33,3.0,2.0,1.73,3.4,1.29,6.5,1.08,1.02,8.0,1.53,2.45,2.8,1.42,6.15,1.06,1.4,2.65,,,1.65,2.08,,,1.98,1.72,,,2.48,1.47,,,,,1.95,2.25,7.0,1.78,2.6,6.5,1.38,2.8,2.05,1.75,2.8,1.38,6.2,1.07,1.09,1.57,1.83,1.1,1.48,1.95,5.5,1.11,1.18,4.3,1.2,4.25,1.7,2.07,3.65,1.26,4.1,1.21,11.5,1.02,9.25,1.04,,,1.44,2.67,2.75,1.42,2.92,1.37,9.0,1.04,6.6,1.09,,,,,,,,,,,,,,,,,,,,,,,,,,,,,,,,,,,,,,,,,,,,,,,,,,,,,,,,,,
07/06/2025,00:00,https://media.api-sports.io/flags/uy.svg,Uruguay,Primera DivisiÃ³n - Apertura,https://media.api-sports.io/football/teams/2362.png,Cerro,6th,https://media.api-sports.io/football/teams/2351.png,CA River Plate,8th,0.2042133232112355,,,Double chance : Cerro or draw,H(2.50),WDWDL,DLLDL,LDDLL,LLLLW,1.6,0.4,0.4,0.6,0.6,,0.0,,1.2,,1.2,,0.6,0.4,0.6,0.6,0.6,0.0,0.0,0.0,0.6,0.6,0.2,0.2,0.8,0.0,0.0,0.0,0.0,0.0,(1-4-2),7,(2-5-6),13,1.0,1.4285714285714286,1.29,1.57,,,0.7142857142857143,0.2857142857142857,0.7142857142857143,0.7142857142857143,"   - Home goals/game: 1.00 (-21.26% ðŸ”» avg )
   - Home corners/game: 0.00 (-100.00% ðŸ”» avg)","   - Away goals/game: 0.67 (-44.44% ðŸ”» avg)
   - Away corners/game: 0.00 (-100.00% ðŸ”» avg)",   - Total match corners/game: 0.00 (-100.00% ðŸ”» avg),   - Total match corners/game: 0.00 (-100.00% ðŸ”» avg),4.0,Draw ([4/10]),,Under 1.5,,No strong signal,,No strong signal,,Double Chance 1X ([6/10]),,Double Chance 1X,1376004,0.6,,,,,,,0.0,,,,,,,0.0,0.0,0.0,0.0,,0.0,0.0,0.0,0.0,,0.0,0.0,0.0,0.0,,0.0,0.0,0.0,0.0,,0.4,0.2,0.0,,,,,,,,,,,,,,,,,,,,,,,,,"nan,nan,nan,nan,nan","nan,nan,nan,nan,nan","nan,nan,nan,nan,nan","nan,nan,nan,nan,nan","0,0,0,0,0","0,0,0,0,0","0,0,0,0,0","0,0,0,0,0","0,0,0,0,0","0,0,0,0,0","0,0,0,0,0","0,0,0,0,0",0.7142857142857143,0.71 (4/7),0.57 (3/7),0.57 (2/7),1.00 (4/7),,,,,,,,,,,,,,,,,,,,,,0,0,0,0,0,0,0,0,0.0,0.0,0.0,0.0,0.0,0.0,0.0,0.0,0.0,0.0,0.0,0.0,0,0,0,0,0,0,2.5,3.0,2.7,1.44,1.38,1.48,1.8,1.91,2.1,1.67,1.42,2.62,3.0,1.33,8.0,1.05,1.44,2.6,3.0,1.33,8.0,1.05,1.09,6.0,1.5,2.4,2.5,1.48,4.75,1.15,10.0,1.02,1.09,5.4,1.9,1.87,4.3,1.15,8.5,1.04,,,,,,,,,,,,,,,,,,,3.4,1.91,3.5,3.1,2.15,3.2,1.55,2.3,2.5,1.52,3.6,1.25,7.9,1.02,1.29,1.85,1.29,1.3,1.7,1.35,5.5,1.11,1.83,1.87,1.82,1.91,2.42,1.52,2.47,1.5,7.6,1.07,7.7,1.06,,,,,1.98,1.78,2.05,1.72,5.6,1.12,5.8,1.12,11.5,1.02,11.75,1.02,,,,,,,,,1376004.0,1.0,0.0,H,,,,1.0,0.0,0.0,H,1.0,0.0,0.0,0.0,0.0,1.0,0.0,0.0,0.0,0.0,0.0,0.0,0.0,1.0,0.0,,H,,,,,,,,,,,,,,,,,,,,
08/06/2025,00:00,https://media.api-sports.io/flags/dz.svg,Algeria,Ligue 1,https://media.api-sports.io/football/teams/10752.png,Khenchela,12th,https://media.api-sports.io/football/teams/910.png,USM Alger,6th,,,,,,LWLDW,LDLLL,WLWDL,DLLWL,1.4,1.4,0.2,0.8,1.6,,0.8,,1.8,,1.8,,0.8,0.8,0.8,0.8,0.8,0.6,0.8,0.0,0.8,0.8,0.8,0.6,0.2,0.2,0.4,0.4,0.0,0.0,(1-0-1),2,(1-0-4),5,1.5,1.5,0.5,0.5,,,0.0,0.0,1.0,1.0,,,,,,,,,,,,,,,,,1240513,0.8,,,,,,,0.8,,,,,,,0.0,0.0,0.0,0.0,,0.0,0.0,0.0,0.0,,0.0,0.0,0.0,0.0,,0.0,0.0,0.0,0.0,,0.8,0.0,0.2,,,,,,,,,,,,,,,,,,,,,,,,,"nan,nan,nan,nan,nan","nan,nan,nan,nan,nan","nan,nan,nan,nan,nan","nan,nan,nan,nan,nan","0,0,0,0,0","0,0,0,0,0","0,0,0,0,0","0,0,0,0,0","0,0,0,0,0","0,0,0,0,0","0,0,0,0,0","0,0,0,0,0",0.0,0.50 (1/2),0.50 (1/2),0.00 (0/2),0.00 (0/2),,,,,,,,,,,,,,,,,,,,,,0,0,0,0,0,0,0,0,0.0,0.0,0.0,0.0,0.0,0.0,0.0,0.0,0.0,0.0,0.0,0.0,0,0,0,0,0,0,,,,,,,,,,,,,,,,,,,,,,,,,,,,,,,,,,,,,,,,,,,,,,,,,,,,,,,,,,,,,,,,,,,,,,,,,,,,,,,,,,,,,,,,,,,,,,,,,,,,,,,,,,,,,,,,,,,,,1240513.0,1.0,0.0,H,,,,0.0,1.0,0.0,D,1.0,0.0,0.0,0.0,0.0,0.0,0.0,0.0,0.0,1.0,0.0,0.0,0.0,1.0,0.0,,H,,,,,,,,,,,,,,,,,,,,
08/06/2025,00:00,https://media.api-sports.io/flags/dz.svg,Algeria,Ligue 1,https://media.api-sports.io/football/teams/918.png,JS Kabylie,2nd,https://media.api-sports.io/football/teams/905.png,ES Setif,5th,,,,,,WWDWL,DLWDL,WLWWW,LLLWD,2.0,2.4,1.0,1.4,1.6,,0.4,,1.2,,1.0,,0.8,0.4,0.6,0.4,0.8,0.6,0.4,0.0,0.8,0.8,0.2,0.2,0.2,0.0,0.6,0.6,0.2,0.2,(3-3-3),9,(4-9-6),19,1.3333333333333333,1.3333333333333333,0.78,0.89,,,0.3333333333333333,0.2222222222222222,0.7777777777777778,0.7777777777777778,,,,,,,,,,,,,,,,,1240512,0.8,,,,,,,0.2,,,,,,,0.0,0.0,0.0,0.0,,0.0,0.0,0.0,0.0,,0.0,0.0,0.0,0.0,,0.0,0.0,0.0,0.0,,0.6,0.2,0.2,,,,,,,,,,,,,,,,,,,,,,,,,"nan,nan,nan,nan,nan","nan,nan,nan,nan,nan","nan,nan,nan,nan,nan","nan,nan,nan,nan,nan","0,0,0,0,0","0,0,0,0,0","0,0,0,0,0","0,0,0,0,0","0,0,0,0,0","0,0,0,0,0","0,0,0,0,0","0,0,0,0,0",0.3333333333333333,0.22 (2/9),0.22 (2/9),0.56 (5/9),0.67 (2/9),,,,,,,,,,,,,,,,,,,,,,0,0,0,0,0,0,0,0,0.0,0.0,0.0,0.0,0.0,0.0,0.0,0.0,0.0,0.0,0.0,0.0,0,0,0,0,0,0,,,,,,,,,,,,,,,,,,,,,,,,,,,,,,,,,,,,,,,,,,,,,,,,,,,,,,,,,,,,,,,,,,,,,,,,,,,,,,,,,,,,,,,,,,,,,,,,,,,,,,,,,,,,,,,,,,,,,1240512.0,2.0,0.0,H,,,,0.0,1.0,0.0,D,1.0,1.0,0.0,0.0,0.0,0.0,0.0,0.0,0.0,1.0,1.0,0.0,0.0,1.0,0.0,,H,,,,,,,,,,,,,,,,,,,,
08/06/2025,00:00,https://media.api-sports.io/flags/dz.svg,Algeria,Ligue 1,https://media.api-sports.io/football/teams/906.png,MC Alger,1st,https://media.api-sports.io/football/teams/1070.png,Mostaganem,14th,,,,,,WDWDW,LLDLD,DWWDD,WDDWL,2.2,1.8,0.4,1.6,1.8,,0.4,,0.8,,1.0,,0.6,0.6,0.6,0.2,0.8,0.6,0.2,0.2,0.6,0.6,0.2,0.2,0.4,0.0,0.4,0.6,0.2,0.0,(0-0-0),0,(0-1-0),1,1.0,1.0,,,,,,,,,,,,,,,,,,,,,,,,,1240511,0.6,,,,,,,0.2,,,,,,,0.0,0.0,0.0,0.0,,0.0,0.0,0.0,0.0,,0.0,0.0,0.0,0.0,,0.0,0.0,0.0,0.0,,0.4,0.2,0.0,,,,,,,,,,,,,,,,,,,,,,,,,"nan,nan,nan,nan,nan","nan,nan,nan,nan,nan","nan,nan,nan,nan,nan","nan,nan,nan,nan,nan","0,0,0,0,0","0,0,0,0,0","0,0,0,0,0","0,0,0,0,0","0,0,0,0,0","0,0,0,0,0","0,0,0,0,0","0,0,0,0,0",,,,,,,,,,,,,,,,,,,,,,,,,,,0,0,0,0,0,0,0,0,0.0,0.0,0.0,0.0,0.0,0.0,0.0,0.0,0.0,0.0,0.0,0.0,0,0,0,0,0,0,,,,,,,,,,,,,,,,,,,,,,,,,,,,,,,,,,,,,,,,,,,,,,,,,,,,,,,,,,,,,,,,,,,,,,,,,,,,,,,,,,,,,,,,,,,,,,,,,,,,,,,,,,,,,,,,,,,,,1240511.0,5.0,2.0,H,,,,1.0,0.0,0.0,H,1.0,1.0,1.0,1.0,1.0,1.0,1.0,1.0,0.0,1.0,1.0,1.0,1.0,0.0,0.0,,H,,,,,,,,,,,,,,,,,,,,
08/06/2025,00:00,https://media.api-sports.io/flags/dz.svg,Algeria,Ligue 1,https://media.api-sports.io/football/teams/911.png,CS Constantine,9th,https://media.api-sports.io/football/teams/904.png,CR Belouizdad,3rd,,,,,,DDDDW,LDWLD,DDDWW,WDDLW,1.4,1.2,1.0,1.6,1.6,,1.2,,1.0,,1.2,,0.6,0.8,0.8,0.6,0.8,0.6,0.6,0.4,0.8,0.6,0.6,0.4,0.2,0.0,0.4,0.2,0.4,0.2,(4-4-1),9,(6-7-5),18,1.7777777777777777,0.7777777777777778,1.0,0.67,,,0.5555555555555556,0.3333333333333333,0.6666666666666666,1.0,,,,,,,,,,,,,,,,,1240508,0.6,,,,,,,0.6,,,,,,,0.0,0.0,0.0,0.0,,0.0,0.0,0.0,0.0,,0.0,0.0,0.0,0.0,,0.0,0.0,0.0,0.0,,0.8,0.2,0.0,,,,,,,,,,,,,,,,,,,,,,,,,"nan,nan,nan,nan,nan","nan,nan,nan,nan,nan","nan,nan,nan,nan,nan","nan,nan,nan,nan,nan","0,0,0,0,0","0,0,0,0,0","0,0,0,0,0","0,0,0,0,0","0,0,0,0,0","0,0,0,0,0","0,0,0,0,0","0,0,0,0,0",0.5555555555555556,1.00 (7/9),0.00 (0/9),0.00 (0/9),0.67 (5/9),,,,,,,,,,,,,,,,,,,,,,0,0,0,0,0,0,0,0,0.0,0.0,0.0,0.0,0.0,0.0,0.0,0.0,0.0,0.0,0.0,0.0,0,0,0,0,0,0,,,,,,,,,,,,,,,,,,,,,,,,,,,,,,,,,,,,,,,,,,,,,,,,,,,,,,,,,,,,,,,,,,,,,,,,,,,,,,,,,,,,,,,,,,,,,,,,,,,,,,,,,,,,,,,,,,,,,1240508.0,0.0,2.0,A,,,,0.0,0.0,1.0,A,1.0,1.0,0.0,0.0,0.0,1.0,0.0,0.0,0.0,1.0,0.0,0.0,0.0,0.0,1.0,,A,,,,,,,,,,,,,,,,,,,,
08/06/2025,00:00,https://media.api-sports.io/flags/dz.svg,Algeria,Ligue 1,https://media.api-sports.io/football/teams/931.png,ASO Chlef,11th,https://media.api-sports.io/football/teams/914.png,JS Saoura,8th,,,,,,WDLDD,WLLLW,LDLWD,DWDWL,1.2,0.4,1.2,1.6,0.6,,1.0,,0.6,,1.2,,0.4,0.4,0.6,0.8,0.6,0.0,0.4,0.4,0.4,0.0,0.6,0.4,0.6,0.2,0.0,0.2,0.2,0.4,(1-1-2),4,(1-6-3),10,1.0,1.75,1.25,2.75,,,1.0,1.0,0.0,0.5,,,,,,,,,,,,,,,,,1240510,0.4,,,,,,,0.4,,,,,,,0.0,0.0,0.0,0.0,,0.0,0.0,0.0,0.0,,0.0,0.0,0.0,0.0,,0.0,0.0,0.0,0.0,,0.4,0.4,0.0,,,,,,,,,,,,,,,,,,,,,,,,,"nan,nan,nan,nan,nan","nan,nan,nan,nan,nan","nan,nan,nan,nan,nan","nan,nan,nan,nan,nan","0,0,0,0,0","0,0,0,0,0","0,0,0,0,0","0,0,0,0,0","0,0,0,0,0","0,0,0,0,0","0,0,0,0,0","0,0,0,0,0",0.75,0.75 (2/4),1.75 (4/4),0.50 (2/4),1.00 (2/4),,,,,,,,,,,,,,,,,,,,,,0,0,0,0,0,0,0,0,0.0,0.0,0.0,0.0,0.0,0.0,0.0,0.0,0.0,0.0,0.0,0.0,0,0,0,0,0,0,,,,,,,,,,,,,,,,,,,,,,,,,,,,,,,,,,,,,,,,,,,,,,,,,,,,,,,,,,,,,,,,,,,,,,,,,,,,,,,,,,,,,,,,,,,,,,,,,,,,,,,,,,,,,,,,,,,,,1240510.0,1.0,2.0,A,,,,0.0,0.0,1.0,A,1.0,1.0,1.0,0.0,1.0,1.0,0.0,0.0,0.0,1.0,1.0,0.0,0.0,0.0,0.0,,A,,,,,,,,,,,,,,,,,,,,
08/06/2025,00:00,https://media.api-sports.io/flags/dz.svg,Algeria,Ligue 1,https://media.api-sports.io/football/teams/915.png,Paradou AC,4th,https://media.api-sports.io/football/teams/1071.png,NC Magra,15th,,,,,,LWDDW,LLLLL,LWWDD,LLWLW,1.6,1.6,0.0,1.2,1.2,,0.4,,0.8,,2.2,,0.6,1.0,0.6,0.6,0.6,0.4,0.4,0.0,0.6,0.4,0.8,0.6,0.6,0.0,0.4,0.4,0.0,0.0,(2-2-0),4,(4-5-1),10,2.0,0.5,1.75,0.75,,,0.75,0.5,0.5,0.5,,,,,,,,,,,,,,,,,1240509,0.4,,,,,,,0.4,,,,,,,0.0,0.0,0.0,0.0,,0.0,0.0,0.0,0.0,,0.0,0.0,0.0,0.0,,0.0,0.0,0.0,0.0,,0.8,0.2,0.0,,,,,,,,,,,,,,,,,,,,,,,,,"nan,nan,nan,nan,nan","nan,nan,nan,nan,nan","nan,nan,nan,nan,nan","nan,nan,nan,nan,nan","0,0,0,0,0","0,0,0,0,0","0,0,0,0,0","0,0,0,0,0","0,0,0,0,0","0,0,0,0,0","0,0,0,0,0","0,0,0,0,0",0.75,0.75 (2/4),0.50 (2/4),1.00 (3/4),0.25 (1/4),,,,,,,,,,,,,,,,,,,,,,0,0,0,0,0,0,0,0,0.0,0.0,0.0,0.0,0.0,0.0,0.0,0.0,0.0,0.0,0.0,0.0,0,0,0,0,0,0,,,,,,,,,,,,,,,,,,,,,,,,,,,,,,,,,,,,,,,,,,,,,,,,,,,,,,,,,,,,,,,,,,,,,,,,,,,,,,,,,,,,,,,,,,,,,,,,,,,,,,,,,,,,,,,,,,,,,1240509.0,2.0,0.0,H,,,,0.0,1.0,0.0,D,1.0,1.0,0.0,0.0,0.0,0.0,0.0,0.0,0.0,1.0,1.0,0.0,0.0,1.0,0.0,,H,,,,,,,,,,,,,,,,,,,,
08/06/2025,00:00,https://media.api-sports.io/flags/dz.svg,Algeria,Ligue 1,https://media.api-sports.io/football/teams/907.png,MC Oran,10th,https://media.api-sports.io/football/teams/10743.png,El Bayadh,7th,,,,,,WLWWW,DDDDD,WDWLW,DDLDW,2.4,1.8,1.0,1.2,1.2,,0.0,,0.6,,0.0,,0.8,0.0,0.6,0.0,0.8,0.4,0.0,0.0,0.6,0.2,0.0,0.0,0.0,0.2,0.6,0.8,0.0,0.0,(1-1-0),2,(2-2-1),5,2.0,0.5,1.5,0.5,,,1.0,0.0,1.0,1.0,,,,,,,,,,,,,,,,,1240507,0.2,,,,,,,0.0,,,,,,,0.0,0.0,0.0,0.0,,0.0,0.0,0.0,0.0,,0.0,0.0,0.0,0.0,,0.0,0.0,0.0,0.0,,0.6,0.0,0.2,,,,,,,,,,,,,,,,,,,,,,,,,"nan,nan,nan,nan,nan","nan,nan,nan,nan,nan","nan,nan,nan,nan,nan","nan,nan,nan,nan,nan","0,0,0,0,0","0,0,0,0,0","0,0,0,0,0","0,0,0,0,0","0,0,0,0,0","0,0,0,0,0","0,0,0,0,0","0,0,0,0,0",0.5,0.50 (1/2),0.00 (0/2),1.00 (2/2),0.50 (1/2),,,,,,,,,,,,,,,,,,,,,,0,0,0,0,0,0,0,0,0.0,0.0,0.0,0.0,0.0,0.0,0.0,0.0,0.0,0.0,0.0,0.0,0,0,0,0,0,0,,,,,,,,,,,,,,,,,,,,,,,,,,,,,,,,,,,,,,,,,,,,,,,,,,,,,,,,,,,,,,,,,,,,,,,,,,,,,,,,,,,,,,,,,,,,,,,,,,,,,,,,,,,,,,,,,,,,,1240507.0,3.0,2.0,H,,,,0.0,1.0,0.0,D,1.0,1.0,1.0,1.0,1.0,1.0,1.0,0.0,0.0,1.0,1.0,1.0,0.0,0.0,0.0,,H,,,,,,,,,,,,,,,,,,,,
08/06/2025,00:00,https://media.api-sports.io/flags/dz.svg,Algeria,Ligue 1,https://media.api-sports.io/football/teams/10780.png,Oued Akbou,13th,https://media.api-sports.io/football/teams/909.png,US Biskra,16th,,,,,,DLWDW,LLDDL,DDWLL,LLLDL,1.6,1.0,0.4,0.2,0.8,,0.2,,0.6,,1.6,,0.4,0.2,0.4,0.8,0.6,0.2,0.2,0.0,0.4,0.4,0.8,0.2,0.6,0.0,0.4,0.4,0.0,0.0,(0-0-0),0,(1-0-0),1,1.0,1.0,,,,,,,,,,,,,,,,,,,,,,,,,1240506,0.4,,,,,,,0.2,,,,,,,0.0,0.0,0.0,0.0,,0.0,0.0,0.0,0.0,,0.0,0.0,0.0,0.0,,0.0,0.0,0.0,0.0,,0.4,0.4,0.2,,,,,,,,,,,,,,,,,,,,,,,,,"nan,nan,nan,nan,nan","nan,nan,nan,nan,nan","nan,nan,nan,nan,nan","nan,nan,nan,nan,nan","0,0,0,0,0","0,0,0,0,0","0,0,0,0,0","0,0,0,0,0","0,0,0,0,0","0,0,0,0,0","0,0,0,0,0","0,0,0,0,0",,,,,,,,,,,,,,,,,,,,,,,,,,,0,0,0,0,0,0,0,0,0.0,0.0,0.0,0.0,0.0,0.0,0.0,0.0,0.0,0.0,0.0,0.0,0,0,0,0,0,0,,,,,,,,,,,,,,,,,,,,,,,,,,,,,,,,,,,,,,,,,,,,,,,,,,,,,,,,,,,,,,,,,,,,,,,,,,,,,,,,,,,,,,,,,,,,,,,,,,,,,,,,,,,,,,,,,,,,,1240506.0,2.0,0.0,H,,,,1.0,0.0,0.0,H,1.0,1.0,0.0,0.0,0.0,1.0,1.0,0.0,0.0,0.0,0.0,0.0,0.0,1.0,0.0,,H,,,,,,,,,,,,,,,,,,,,
10/06/2025,00:00,https://media.api-sports.io/flags/br.svg,Brazil,Serie B,https://media.api-sports.io/football/teams/140.png,Criciuma,16th,https://media.api-sports.io/football/teams/142.png,Vila Nova,8th,,,,Combo Double chance : Criciuma or draw and -3.5 goals,A(3.30),LWDDL,LDWLL,WLLDL,LLWLW,1.0,1.0,0.8,1.2,0.4,,0.8,1.15,0.6,,1.0,0.98,0.0,0.6,0.6,0.8,0.4,0.0,0.6,0.2,0.4,0.0,0.4,0.2,0.4,0.2,0.0,0.0,0.0,0.4,(4-1-1),6,(5-5-2),12,2.1666666666666665,0.6666666666666666,0.83,0.33,,,0.1666666666666666,0.0,1.0,1.0,,,,,,,,,,,,,,,,,1353365,0.4,15.4,4.8,14.8,9.0,3.6,,0.2,11.2,4.4,13.0,3.0,2.0,1.0,1.0,1.0,1.0,1.0,3.6,1.0,1.0,1.0,1.0,,0.4,0.4,0.4,0.4,2.0,1.0,1.0,0.8,0.4,1.0,0.0,0.4,0.6,17.4,5.2,7.6,14.6,3.0,0.5,10.2,3.4,2.6,15.0,4.2,1.0,17.4,5.2,7.6,14.6,3.0,0.5,10.2,3.4,2.6,15.0,4.2,1.0,"8.0,8.0,10.0,10.0,9.0","3.0,3.0,5.0,5.0,2.0","1.0,2.0,2.0,9.0,1.0","11.0,5.0,5.0,5.0,4.0","3,3,4,4,4","2,2,6,6,5","3,2,2,1,2","6,2,2,2,6","16,16,13,13,16","12,12,15,15,6","17,13,13,11,11","16,12,12,9,17",0.1666666666666666,0.50 (3/6),0.17 (1/6),0.33 (2/6),0.17 (1/6),12.0,16.0,2.33,3.33,19.67,13.33,5.7,5.7,3.3,3.0,,,0.6666666666666666,0.6666666666666666,0.6666666666666666,0.6666666666666666,1.0,1.0,1.0,0.6666666666666666,,0,0,0,0,0,0,0,0,0.0,0.0,0.0,0.0,0.0,0.0,0.0,0.0,0.0,0.0,0.0,0.0,0,0,0,0,0,0,2.15,3.1,3.3,1.3,1.38,1.67,1.53,2.38,2.1,1.65,1.33,3.0,2.63,1.44,6.0,1.09,1.57,2.25,3.6,1.25,10.0,1.02,1.09,6.0,1.45,2.55,2.5,1.48,4.75,1.15,10.0,1.02,1.1,5.45,1.88,1.9,4.33,1.14,8.5,1.01,,,,,,,,,,,,,,,,,,,3.0,1.95,4.0,2.75,2.1,3.8,1.55,2.3,2.45,1.53,3.4,1.29,9.7,1.0,1.22,1.8,1.38,1.22,1.7,1.44,5.5,1.11,1.6,2.22,1.57,2.3,2.22,1.62,2.72,1.42,6.6,1.09,8.5,1.05,12.5,1.01,,,1.83,1.91,2.25,1.6,4.8,1.16,6.6,1.09,10.5,1.03,12.5,1.01,,,,,,,,,1353365.0,1.0,0.0,H,15.0,6.0,,0.0,1.0,0.0,D,1.0,0.0,0.0,0.0,0.0,0.0,0.0,0.0,0.0,1.0,0.0,0.0,0.0,1.0,0.0,,H,6.0,19.0,15.0,13.0,0.0,59%,3.0,,0.0,,0.0,12.0,11.0,2.0,1.0,41%,3.0,,5.0,
05/06/2025,01:00,https://media.api-sports.io/flags/br.svg,Brazil,Serie A,https://media.api-sports.io/football/teams/120.png,Botafogo,9th,https://media.api-sports.io/football/teams/129.png,Ceara,10th,,,,,,WDWW,DLLD,WDWLW,LWDWD,2.5,2.0,0.5,1.6,2.8,0.96,0.2,1.02,0.4,0.73,0.8,1.43,1.0,0.2,1.0,0.6,1.0,1.0,0.2,0.0,1.0,0.6,0.2,0.2,0.4,0.0,0.8,0.8,0.0,0.0,(2-4-1),7,(3-9-2),14,1.4285714285714286,1.0,1.29,0.71,1.44,1.22,0.5714285714285714,0.2857142857142857,0.7142857142857143,0.7142857142857143,,,,,,,,,,,,,,,,,1351134,0.2,15.2,6.4,15.0,5.0,1.6,,0.2,10.8,3.6,18.6,4.6,3.0,,1.0,1.0,0.2,0.2,1.6,0.6,0.6,0.4,0.4,,0.4,0.4,0.4,0.4,3.0,1.0,1.0,0.6,0.4,,0.0,0.2,0.4,13.4,2.8,6.8,12.4,1.6,0.5,10.0,3.8,5.8,18.4,3.4,0.5,13.4,2.8,6.8,12.4,1.6,0.5,10.0,3.8,5.8,18.4,3.4,0.5,"9.0,6.0,6.0,2.0,2.0","4.0,3.0,3.0,7.0,7.0","3.0,4.0,4.0,6.0,6.0","4.0,3.0,3.0,9.0,9.0","0,4,4,0,0","3,4,4,1,1","3,4,4,2,2","1,2,2,1,1","11,21,21,11,11","4,9,9,10,10","15,18,18,21,21","14,14,14,11,11",0.4285714285714285,0.71 (4/7),0.14 (1/7),0.57 (2/7),0.57 (4/7),14.0,11.75,4.25,3.25,17.25,16.0,3.5,5.0,4.0,3.8,1.0,1.0,0.75,0.5,0.25,0.25,1.0,0.75,0.5,0.5,Edina Alves Batista,0,0,0,0,0,0,0,0,0.0,0.0,0.0,0.0,0.0,0.0,0.0,0.0,0.0,0.0,0.0,0.0,0,0,0,0,0,0,,,,,,,,,,,,,,,,,,,,,,,,,,,,,,,,,,,,,,,,,,,,,,,,,,,,,,,,,,,,,,,,,,,,,,,,,,,,,,,,,,,,,,,,,,,,,,,,,,,,,,,,,,,,,,,,,,,,,1351134.0,3.0,2.0,H,6.0,3.0,,1.0,0.0,0.0,H,1.0,1.0,1.0,1.0,1.0,1.0,0.0,0.0,0.0,1.0,1.0,1.0,1.0,0.0,0.0,,H,10.0,16.0,12.0,6.0,2.0,58%,1.0,,1.0,2.62,3.0,9.0,11.0,0.0,3.0,42%,2.0,,7.0,0.55
08/06/2025,01:00,https://media.api-sports.io/flags/uy.svg,Uruguay,Primera DivisiÃ³n - Apertura,https://media.api-sports.io/football/teams/2348.png,Penarol,3rd,https://media.api-sports.io/football/teams/2350.png,Defensor Sporting,1st,,0.0117654968401236,0.1749361301600105,Double chance : Penarol or draw,"A(4.50), X(3.25)",DLLLW,WLDDW,DWWWW,WWLLW,0.8,1.4,1.6,1.2,3.0,,1.0,,1.2,,0.6,,1.0,0.2,1.0,0.6,1.0,1.0,0.8,0.2,1.0,0.8,0.4,0.4,0.0,0.0,0.8,1.0,0.2,0.6,(4-0-2),6,(8-4-4),16,2.0,1.0,1.5,1.0,,,0.6666666666666666,0.5,0.5,0.8333333333333334,"   - Home goals/game: 1.50 (+18.11% ðŸ”¼ avg )
   - Home corners/game: 0.00 (-100.00% ðŸ”» avg)","   - *Away goals/game*: 1.12 (+-6.25% ðŸ”¼ avg )
   - Away corners/game: 0.00 (-100.00% ðŸ”» avg)","   - Total match corners/game: 0.00 (-100.00% ðŸ”» avg)
   - O1.5 goals: 83.33% (+12.33% ðŸ”¼ avg)",   - Total match corners/game: 0.00 (-100.00% ðŸ”» avg),7.0,Home or Draw (7/10),7.0,Over 1.5,7.0,No Data Available,,No Data Available,,Double Chance 1X (6/10),6.0,Over 1.5 Goals,1376007,0.8,,,,,,,0.4,,,,,,,0.0,0.0,0.0,0.0,,0.0,0.0,0.0,0.0,,0.0,0.0,0.0,0.0,,0.0,0.0,0.0,0.0,,0.8,0.2,0.0,,,,,,,,,,,,,,,,,,,,,,,,,"nan,nan,nan,nan,nan","nan,nan,nan,nan,nan","nan,nan,nan,nan,nan","nan,nan,nan,nan,nan","0,0,0,0,0","0,0,0,0,0","0,0,0,0,0","0,0,0,0,0","0,0,0,0,0","0,0,0,0,0","0,0,0,0,0","0,0,0,0,0",0.5,0.33 (2/6),0.50 (3/6),1.17 (4/6),0.50 (3/6),10.5,7.0,5.5,2.0,11.0,12.0,6.5,4.0,1.5,2.0,,,1.0,1.0,1.0,0.5,1.0,1.0,0.5,0.0,,0,0,0,0,0,0,0,0,0.0,0.0,0.0,0.0,0.0,0.0,0.0,0.0,0.0,0.0,0.0,0.0,0,0,0,0,0,0,1.73,3.25,4.5,1.2,1.3,2.0,1.29,3.3,2.2,1.6,1.22,3.8,2.1,1.65,4.5,1.17,1.73,2.0,4.75,1.15,10.0,1.03,1.08,6.5,1.44,2.6,2.3,1.55,4.33,1.18,9.0,1.03,1.09,5.4,1.8,1.98,3.5,1.22,7.8,1.02,,,,,,,,,,,,,,,,,,,2.4,2.0,5.5,2.2,2.3,4.75,1.5,2.4,2.35,1.57,3.3,1.29,7.5,1.04,1.14,1.75,1.53,1.17,1.6,1.62,5.5,1.11,1.37,2.85,1.36,3.0,1.98,1.78,3.15,1.33,5.5,1.13,10.0,1.03,11.5,1.02,,,1.65,2.15,2.55,1.47,3.95,1.22,8.0,1.06,9.0,1.04,,,,,,,,,,,1376007.0,3.0,0.0,H,,,,1.0,0.0,0.0,H,1.0,1.0,1.0,0.0,0.0,1.0,0.0,0.0,0.0,1.0,1.0,0.0,0.0,1.0,0.0,,H,,,,,,,,,,,,,,,,,,,,
03/06/2025,01:10,https://media.api-sports.io/flags/co.svg,Colombia,Primera B,https://media.api-sports.io/football/teams/1459.png,Real Cartagena,13th,https://media.api-sports.io/football/teams/1133.png,Jaguares,9th,,0.011142498430634,,Double chance : draw or Jaguares,"A(2.78), X(3.27)",WWWWW,DLLWL,,,3.0,2.6,0.8,3.0,2.8,,2.2,,1.4,,1.0,,1.0,0.6,1.0,1.0,1.0,1.0,1.0,0.6,1.0,1.0,0.6,0.6,0.0,0.0,0.6,0.6,0.0,1.0,(0-0-1),1,(0-0-1),1,0.0,3.0,2.0,3.0,,,1.0,1.0,0.0,0.0,"   - Home goals/game: 2.67 (+86.48% ðŸ”¼ avg )
   - *Home corners/game*: 0.00 (0.00% âž– avg)","   - Away goals/game: 1.56 (+65.48% ðŸ”¼ avg)
   - *Away corners/game*: 0.00 (0.00% âž– avg)","   - Total match goals/game: 3.06 (+29.47% ðŸ”¼ avg)
   - O1.5 goals: 88.89% (+22.89% ðŸ”¼ avg)",   - No total insights,7.0,Home Win (7/10),7.0,Over 1.5,7.0,No Data,,No Data,,Double Chance 1X (6/10),6.0,Home Win,1376868,0.6,,,,,,,0.6,,,,,,,0.0,0.0,0.0,0.0,,0.0,0.0,0.0,0.0,,0.0,0.0,0.0,0.0,,0.0,0.0,0.0,0.0,,0.2,0.2,0.6,,,,,,,,,,,,,,,,,,,,,,,,,"nan,nan,nan,nan,nan","nan,nan,nan,nan,nan","nan,nan,nan,nan,nan","nan,nan,nan,nan,nan","0,0,0,0,0","0,0,0,0,0","0,0,0,0,0","0,0,0,0,0","0,0,0,0,0","0,0,0,0,0","0,0,0,0,0","0,0,0,0,0",1.0,1.00 (1/1),1.00 (1/1),1.00 (1/1),2.00 (1/1),,,,,,,,,,,,,,,,,,,,,W. RoldÃ¡n,0,0,0,0,0,0,0,0,0.0,0.0,0.0,0.0,0.0,0.0,0.0,0.0,0.0,0.0,0.0,0.0,0,0,0,0,0,0,2.42,3.27,2.78,1.42,1.34,1.56,1.77,2.02,1.81,1.97,,,2.44,1.54,,,1.42,2.78,2.71,1.45,,,,,1.34,3.1,2.01,1.77,,,,,,,1.54,2.43,2.78,1.41,,,1.9,1.82,,,,,,,,,,,,,,,,,,,,,,,,,1.85,1.86,,,,,,,,,,,,,,,,,,,,,,,,,,,,,,,,,,,,,,,,,1.9,1.74,,,,,,,1376868.0,3.0,4.0,A,,,,0.0,1.0,0.0,D,1.0,1.0,1.0,1.0,1.0,1.0,1.0,0.0,0.0,1.0,1.0,1.0,1.0,0.0,0.0,,H,,,,,,,,,,,,,,,,,,,,
05/06/2025,01:10,https://media.api-sports.io/flags/co.svg,Colombia,Primera A,https://media.api-sports.io/football/teams/1142.png,Deportes Tolima,6th,https://media.api-sports.io/football/teams/1128.png,Independiente Medellin,12th,0.2231126865479951,,,Double chance : Deportes Tolima or draw,H(2.28),WWWDW,DDLWD,,,2.6,1.6,1.2,1.0,1.6,,0.4,,1.0,,1.0,,0.6,0.4,0.4,0.6,0.8,0.6,0.2,0.2,0.8,0.8,0.6,0.2,0.4,0.0,0.6,0.6,0.2,0.2,(4-5-3),12,(7-11-6),24,1.4166666666666667,1.1666666666666667,1.25,1.08,,,0.75,0.5,0.5,0.8333333333333334,"   - Home goals/game: 1.60 (+25.00% ðŸ”¼ avg )
   - Home corners/game: 3.90 (-23.53% ðŸ”» avg)","   - Away goals/game: 0.60 (-31.03% ðŸ”» avg)
   - Away corners/game: 5.70 (46.15% ðŸ”¼ avg)","   - Total match goals/game: 2.42 (+12.47% ðŸ”¼ avg)
   - O1.5 goals: 71.36% (+9.36% ðŸ”¼ avg)
   - U10.5 corners: 77.27% (+11.27% ðŸ”¼ avg)
   - U12.5 corners: 90.91% (+7.91% ðŸ”¼ avg)","   - Total match goals/game: 1.52 (-29.39% ðŸ”» avg)
   - NG: 71.36% (+13.36% ðŸ”¼ avg)
   - U2.5 goals: 85.91% (+22.91% ðŸ”¼ avg)
   - U3.5 goals: 100.00% (+17.00% ðŸ”¼ avg)
   - U12.5 corners: 81.36% (-1.64% ðŸ”¼ avg)",7.0,Home Win (7/10),7.0,Under 2.5,6.0,Over 8.5,5.0,Over 3.5,4.0,Double Chance 1X (7/10),7.0,Home Win,1376750,0.8,11.4,3.4,8.8,4.2,3.2,1.0,0.2,8.8,3.0,7.2,4.6,3.2,1.0,0.2,0.2,0.0,0.0,3.2,1.0,1.0,0.6,0.4,1.0,0.6,0.4,0.4,0.4,3.2,1.0,1.0,1.0,0.6,1.0,0.8,0.2,0.0,15.6,4.2,5.0,11.8,3.0,0.0,9.6,4.2,2.4,9.6,2.8,1.0,15.6,4.2,5.0,11.8,3.0,0.0,9.6,4.2,2.4,9.6,2.8,1.0,"5.0,3.0,3.0,7.0,3.0","2.0,1.0,1.0,0.0,6.0","0.0,7.0,7.0,4.0,5.0","2.0,4.0,4.0,4.0,0.0","2,5,5,2,2","1,6,6,1,2","4,2,2,3,5","4,2,2,5,5","15,6,6,7,10","8,10,10,12,13","6,6,6,11,7","16,5,5,13,14",0.5833333333333334,0.50 (5/12),0.75 (7/12),0.75 (9/12),0.33 (3/12),15.9,10.3,4.9,3.2,15.56,12.78,6.1,4.0,2.6,2.1,1.0,1.0,0.7777777777777778,0.5555555555555556,0.4444444444444444,0.3333333333333333,1.1111111111111112,1.1111111111111112,1.0,0.5555555555555556,,0,0,0,0,0,0,0,0,0.0,0.0,0.0,0.0,0.0,0.0,0.0,0.0,0.0,0.0,0.0,0.0,0,0,0,0,0,0,2.28,2.89,2.86,1.33,1.4,1.53,1.65,2.1,2.05,1.73,1.36,3.0,2.8,1.4,7.5,1.08,1.53,2.45,3.6,1.25,11.0,1.05,1.11,6.5,1.5,2.5,2.5,1.5,5.0,1.15,11.0,1.05,1.11,4.95,1.88,1.9,3.92,1.2,8.8,1.01,,,,,,,,,,,,,,,,,,,3.0,1.83,3.7,2.8,2.15,3.6,1.55,2.25,2.5,1.52,3.3,1.27,8.0,1.02,1.25,1.83,1.33,1.25,1.7,1.4,5.0,1.12,1.62,2.02,1.63,2.02,2.22,1.58,2.57,1.45,7.4,1.06,9.6,1.03,37.0,1.01,50.0,,1.9,1.82,2.15,1.63,5.4,1.12,6.9,1.07,23.0,1.02,32.0,1.01,,,,,,,,,1376750.0,1.0,3.0,A,11.0,9.0,1.0,0.0,1.0,0.0,D,1.0,1.0,1.0,1.0,1.0,1.0,1.0,0.0,0.0,1.0,1.0,0.0,0.0,0.0,0.0,,H,6.0,12.0,15.0,4.0,1.0,53%,4.0,1.0,3.0,,6.0,9.0,17.0,7.0,3.0,47%,5.0,0.0,5.0,
06/06/2025,01:10,https://media.api-sports.io/flags/co.svg,Colombia,Primera A,https://media.api-sports.io/football/teams/1136.png,Once Caldas,18th,https://media.api-sports.io/football/teams/1139.png,Santa Fe,13th,,,0.0466326235668176,Double chance : draw or Santa Fe,A(3.71),LLWWW,WWWLL,,,1.8,1.6,1.8,1.2,1.6,,0.8,,0.4,,2.0,,0.8,0.4,0.4,1.0,1.0,0.4,0.6,0.2,0.4,0.4,0.8,0.2,0.4,0.0,0.8,0.8,0.2,0.4,(3-4-5),12,(5-5-11),21,1.0833333333333333,1.5833333333333333,0.75,0.83,,,0.3333333333333333,0.3333333333333333,0.6666666666666666,0.8333333333333334,"   - Home goals/game: 1.80 (+40.62% ðŸ”¼ avg )
   - *Home corners/game*: 4.67 (-8.50% ðŸ”» avg)","   - Away goals/game: 1.40 (+60.92% ðŸ”¼ avg)
   - Away corners/game: 5.00 (28.21% ðŸ”¼ avg)",   - U12.5 corners: 75.00% (-8.00% ðŸ”¼ avg),"   - Total match goals/game: 2.49 (+15.64% ðŸ”¼ avg)
   - U12.5 corners: 80.45% (-2.55% ðŸ”¼ avg)",7.0,Home Win (7/10),7.0,Under 2.5,6.0,Over 9.5,7.0,Over 3.5,5.0,Double Chance 1X (7/10),7.0,Home Win,1376752,0.2,12.6,5.0,11.6,5.6,4.6,0.0,0.2,7.4,3.2,11.4,3.8,3.4,1.33,0.6,0.6,0.6,0.6,4.6,1.0,0.8,0.8,0.8,0.0,0.4,0.4,0.4,0.2,3.4,1.0,0.8,0.8,0.8,1.33,0.2,0.2,0.4,15.2,4.6,6.0,10.4,2.2,0.0,6.2,2.6,3.2,10.4,3.8,1.3333333333333333,15.2,4.6,6.0,10.4,2.2,0.0,6.2,2.6,3.2,10.4,3.8,1.3333333333333333,"7.0,3.0,3.0,7.0,8.0","4.0,4.0,4.0,8.0,4.0","3.0,3.0,3.0,6.0,4.0","11.0,2.0,2.0,4.0,3.0","1,7,7,4,4","1,1,1,6,2","4,3,3,5,2","1,3,3,1,0","12,13,13,10,10","16,6,6,13,10","16,9,9,11,12","8,9,9,5,13",0.3333333333333333,0.25 (3/12),0.33 (4/12),0.50 (5/12),0.50 (5/12),13.4,10.7,4.3,3.2,13.7,15.9,4.9,3.7,2.6,3.3,,1.0,0.6,0.6,0.5,0.2,0.9,0.9,0.8,0.8,,0,0,0,0,0,0,0,0,0.0,0.0,0.0,0.0,0.0,0.0,0.0,0.0,0.0,0.0,0.0,0.0,0,0,0,0,0,0,2.07,3.08,3.71,,,,,,,,,,2.32,1.55,,,1.53,2.49,,,,,,,1.41,2.91,2.3,1.63,4.2,1.22,,,,,1.7,2.18,,,,,,,,,,,,,,,,,,,,,,,,,,,,,,,2.09,1.63,,,,,,,,,,,,,,,,,,,,,,,,,,,,,,,,,,,,,,,,,,,,,,,,,1376752.0,1.0,2.0,A,18.0,4.0,,0.0,1.0,0.0,D,1.0,1.0,1.0,0.0,1.0,0.0,0.0,0.0,0.0,1.0,1.0,1.0,0.0,0.0,0.0,,A,8.0,19.0,7.0,11.0,3.0,56%,2.0,,1.0,,3.0,8.0,12.0,7.0,0.0,44%,2.0,,7.0,
08/06/2025,01:30,https://media.api-sports.io/flags/us.svg,USA,Major League Soccer,https://media.api-sports.io/football/teams/1615.png,DC United,12th,https://media.api-sports.io/football/teams/1607.png,Chicago Fire,11th,,,,Double chance : DC United or draw,,WDLLW,WWWLL,LWLWL,WDLLD,1.4,1.2,1.8,2.0,1.0,0.95,2.4,1.32,1.0,1.32,3.8,2.95,0.8,1.0,0.4,0.8,0.6,0.4,1.0,0.8,0.8,0.4,1.0,1.0,0.0,0.2,0.4,0.4,0.6,0.4,(11-3-3),17,(13-13-8),34,2.117647058823529,0.7058823529411765,2.29,1.12,1.74,1.48,0.8235294117647058,0.7058823529411765,0.2941176470588235,0.5882352941176471,,,,,,,,,,,,,,,,,1326467,0.6,10.0,3.6,15.6,3.2,3.4,,1.0,11.4,5.4,14.0,2.2,3.0,2.0,0.2,0.2,0.2,0.2,3.4,1.0,1.0,1.0,0.8,,0.6,0.6,0.6,0.6,3.0,1.0,1.0,1.0,0.2,2.0,0.8,0.0,0.2,16.4,5.4,7.4,11.8,2.6,0.0,10.6,4.4,2.4,15.8,3.2,2.0,16.4,5.4,7.4,11.8,2.6,0.0,10.6,4.4,2.4,15.8,3.2,2.0,"2.0,2.0,4.0,4.0,4.0","4.0,4.0,9.0,1.0,3.0","1.0,1.0,6.0,2.0,1.0","4.0,4.0,8.0,11.0,13.0","4,4,3,3,3","2,2,1,4,2","4,4,2,3,2","0,0,2,4,2","20,20,12,12,14","9,9,12,10,12","13,13,12,19,13","12,12,12,12,12",0.4705882352941176,1.24 (12/17),0.59 (7/17),1.06 (9/17),0.53 (9/17),13.15,13.0,5.08,6.0,13.82,11.8,5.6,4.5,2.1,1.6,,1.0,0.4615384615384615,0.4615384615384615,0.2307692307692307,0.1538461538461538,0.4615384615384615,0.3076923076923077,0.1538461538461538,0.1538461538461538,,0,0,0,0,0,0,0,0,0.0,0.0,0.0,0.0,0.0,0.0,0.0,0.0,0.0,0.0,0.0,0.0,0,0,0,0,0,0,2.45,3.3,2.75,1.44,1.3,1.53,1.75,1.95,1.7,2.1,1.25,3.6,2.2,1.6,4.75,1.15,1.3,3.3,2.45,1.5,6.0,1.13,1.05,11.0,1.25,3.6,1.85,1.91,3.1,1.33,6.0,1.13,1.06,9.0,1.42,2.95,2.47,1.57,4.8,1.18,,,,,,,,,,,,,,,,,,,3.0,2.15,3.3,2.8,2.4,3.0,1.33,3.0,1.87,1.95,2.6,1.44,4.8,1.15,1.33,1.62,1.38,1.36,1.53,1.4,3.8,1.22,1.75,1.98,1.78,1.95,2.0,1.75,2.15,1.65,5.6,1.12,6.4,1.1,11.5,1.02,12.5,1.01,1.7,2.07,1.75,2.02,4.05,1.21,4.45,1.18,9.25,1.04,10.25,1.03,,,,,,,,,1326467.0,1.0,7.0,A,16.0,4.0,,0.0,0.0,1.0,A,1.0,1.0,1.0,1.0,1.0,1.0,1.0,1.0,1.0,1.0,1.0,1.0,1.0,0.0,0.0,,A,3.0,15.0,5.0,9.0,1.0,57%,1.0,,4.0,1.38,11.0,15.0,7.0,7.0,0.0,43%,3.0,,2.0,2.39
08/06/2025,01:30,https://media.api-sports.io/flags/br.svg,Brazil,Serie B,https://media.api-sports.io/football/teams/145.png,Avai,9th,https://media.api-sports.io/football/teams/146.png,CRB,5th,,,,Double chance : Avai or draw,,DWWDW,WLDDL,LWDDL,WLWDD,2.2,1.2,1.0,1.6,1.6,,1.0,,0.2,,1.2,,0.4,1.0,0.6,0.6,0.6,0.6,1.0,0.0,0.6,0.6,1.0,0.2,0.0,0.0,0.4,0.6,0.0,0.0,(5-1-1),7,(9-2-3),14,2.2857142857142856,0.5714285714285714,1.14,0.57,,,0.4285714285714285,0.2857142857142857,0.7142857142857143,1.0,,,,,,,,,,,,,,,,,1353364,0.2,15.6,5.8,10.8,5.4,2.6,,1.0,17.2,5.2,12.4,10.6,2.2,0.0,1.0,1.0,1.0,0.6,2.6,1.0,1.0,1.0,1.0,,1.0,0.8,0.8,0.8,2.2,1.0,1.0,0.6,0.0,0.0,0.8,0.2,0.0,16.0,5.2,3.6,7.4,1.6,,14.2,4.4,6.6,8.4,1.6,,16.0,5.2,3.6,7.4,1.6,,14.2,4.4,6.6,8.4,1.6,,"5.0,5.0,6.0,6.0,5.0","12.0,12.0,4.0,4.0,9.0","6.0,6.0,17.0,17.0,7.0","8.0,8.0,7.0,7.0,1.0","2,2,3,3,3","5,5,2,2,2","3,3,1,1,3","0,0,3,3,1","9,9,14,14,8","17,17,8,8,10","14,14,14,14,6","13,13,10,10,4",0.4285714285714285,1.00 (6/7),0.14 (1/7),0.14 (1/7),0.43 (3/7),16.0,13.75,5.25,4.25,15.25,16.0,5.8,3.8,2.5,3.2,,1.0,0.75,0.5,0.25,0.25,1.0,1.0,1.0,0.75,,0,0,0,0,0,0,0,0,0.0,0.0,0.0,0.0,0.0,0.0,0.0,0.0,0.0,0.0,0.0,0.0,0,0,0,0,0,0,1.76,3.39,5.15,,,,,,,,,,2.2,1.66,,,1.76,2.01,,,,,,,1.45,2.68,2.36,1.56,4.39,1.19,,,,,1.79,2.05,,,,,,,,,,,,,,,,,,,,,,,2.4,2.1,5.87,,,,1.49,2.54,2.25,1.61,,,,,,,,,,,,,,,,,1.89,1.85,3.34,1.29,,,,,,,,,,,,,,,,,,,,,,,,,,,,,1353364.0,1.0,0.0,H,14.0,2.0,,0.0,1.0,0.0,D,1.0,0.0,0.0,0.0,0.0,0.0,0.0,0.0,0.0,1.0,0.0,0.0,0.0,1.0,0.0,,H,5.0,12.0,13.0,6.0,4.0,47%,1.0,,2.0,,2.0,13.0,7.0,8.0,1.0,53%,1.0,,5.0,
09/06/2025,01:30,https://media.api-sports.io/flags/br.svg,Brazil,Serie B,https://media.api-sports.io/football/teams/1198.png,remo,6th,https://media.api-sports.io/football/teams/1223.png,Operario-PR,10th,0.1801282647086161,,,Double chance : remo or draw,H(2.40),WWWWD,WLLWL,LDDWW,DLWWW,2.6,1.6,1.2,2.0,1.2,,1.2,,0.2,,2.0,,1.0,0.8,0.2,0.6,1.0,0.2,0.4,0.4,0.4,0.0,1.0,0.4,0.6,0.0,0.8,0.8,0.4,0.4,(0-0-1),1,(0-0-2),2,0.0,3.0,0.0,1.0,,,0.0,0.0,1.0,1.0,"   - *Home goals/game*: 1.40 (+6.06% ðŸ”¼ avg )
   - Home corners/game: 2.80 (-51.81% ðŸ”» avg)","   - Away goals/game: 1.00 (+16.28% ðŸ”¼ avg)
   - Away corners/game: 5.80 (27.19% ðŸ”¼ avg)","   - Total match corners/game: 12.10 (+17.59% ðŸ”¼ avg)
   - O1.5 goals: 80.00% (+18.00% ðŸ”¼ avg)
   - U2.5 goals: 90.00% (+27.00% ðŸ”¼ avg)
   - U3.5 goals: 90.00% (+8.00% ðŸ”¼ avg)
   - O8.5 corners: 90.00% (+19.00% ðŸ”¼ avg)","   - Total match goals/game: 2.40 (+10.09% ðŸ”¼ avg)
   - O8.5 corners: 80.00% (+9.00% ðŸ”¼ avg)
   - U12.5 corners: 80.00% (+5.00% ðŸ”¼ avg)",7.0,Home or Draw (7/10),7.0,Under 2.5,7.0,Over 8.5,6.0,Over 3.5,5.0,Double Chance 1X (7/10),7.0,Under 2.5 Goals,1353363,0.2,11.8,3.6,11.4,3.0,2.6,0.0,0.4,11.0,4.6,13.6,4.8,3.8,,1.0,1.0,0.8,0.4,2.6,1.0,1.0,0.8,0.6,0.0,1.0,1.0,0.2,0.2,3.8,1.0,1.0,1.0,1.0,,0.4,0.6,0.0,15.0,4.8,3.8,10.6,2.6,1.0,12.4,4.2,4.4,10.8,1.6,0.0,15.0,4.8,3.8,10.6,2.6,1.0,12.4,4.2,4.4,10.8,1.6,0.0,"1.0,3.0,3.0,5.0,3.0","13.0,7.0,7.0,9.0,6.0","4.0,4.0,3.0,3.0,10.0","5.0,5.0,6.0,6.0,4.0","2,3,3,2,3","2,3,3,1,2","4,4,5,5,1","1,1,2,2,4","10,12,12,9,14","11,20,20,11,15","11,11,17,17,12","17,17,9,9,8",0.0,0.00 (0/1),0.00 (0/1),0.00 (0/1),1.00 (1/1),14.0,6.0,2.0,4.0,20.0,16.0,10.0,4.0,3.0,3.0,,1.0,1.0,1.0,1.0,1.0,1.0,1.0,1.0,1.0,,0,0,0,0,0,0,0,0,0.0,0.0,0.0,0.0,0.0,0.0,0.0,0.0,0.0,0.0,0.0,0.0,0,0,0,0,0,0,2.4,2.94,3.36,,,,,,,,1.41,2.89,,,,,1.58,2.3,,,,,1.12,5.8,1.57,2.35,2.8,1.41,5.6,1.13,,,,,2.08,1.72,,,,,,,,,,,,,,,,,,,,,,,3.25,1.91,4.32,,,,1.6,2.27,2.66,1.45,,,,,,,,,,,,,,,,,2.38,1.55,2.85,1.38,,,,,,,,,,,,,,,,,,,,,,,,,,,,,,,,,,,,,,,,,,,,,,,,,,,,,,,,,,,,,,,,,,,,,,,,,,,,
03/06/2025,02:00,https://media.api-sports.io/flags/ec.svg,Ecuador,Liga Pro,https://media.api-sports.io/football/teams/21103.png,Cuniburo,8th,https://media.api-sports.io/football/teams/18762.png,Libertad,10th,0.3169817470664928,,,Double chance : draw or Libertad,H(2.03),WWLLW,DDLDL,DLLLL,LDLLW,1.8,1.4,0.6,1.4,0.6,,0.4,,1.0,,1.2,,0.6,0.4,0.6,1.0,0.6,0.0,0.4,0.0,0.2,0.2,0.6,0.0,0.6,0.4,0.0,0.4,0.0,0.0,(1-0-0),1,(1-0-0),1,3.0,0.0,1.0,0.0,,,0.0,0.0,1.0,1.0,"   - Home goals/game: 1.86 (+19.82% ðŸ”¼ avg )
   - *Home corners/game*: 4.43 (-16.76% ðŸ”» avg)","   - *Away goals/game*: 0.86 (+-19.14% ðŸ”¼ avg )
   - Away corners/game: 5.71 (35.09% ðŸ”¼ avg)","   - Total match goals/game: 2.88 (+10.50% ðŸ”¼ avg)
   - O1.5 goals: 73.21% (+0.21% ðŸ”¼ avg)
   - O2.5 goals: 73.21% (+24.21% ðŸ”¼ avg)
   - U12.5 corners: 80.36% (-0.64% ðŸ”¼ avg)","   - O1.5 goals: 73.21% (+0.21% ðŸ”¼ avg)
   - U10.5 corners: 73.21% (+12.21% ðŸ”¼ avg)
   - U12.5 corners: 79.46% (-1.54% ðŸ”¼ avg)",8.0,Home Win (8/10),8.0,Over 1.5,8.0,No strong signal,,No strong signal,,Home Win or Draw (7/10),7.0,Home Win,1338416,0.2,12.4,3.0,10.6,3.0,1.4,,0.4,12.6,3.0,12.2,7.2,2.0,1.0,0.0,0.0,0.0,0.0,1.4,1.0,0.2,0.0,0.0,,0.6,0.6,0.4,0.4,2.0,1.0,0.4,0.4,0.2,1.0,0.4,0.4,0.2,14.8,2.8,3.4,11.4,2.0,,12.8,3.4,6.2,11.8,1.0,,14.8,2.8,3.4,11.4,2.0,,12.8,3.4,6.2,11.8,1.0,,"6.0,6.0,3.0,0.0,0.0","0.0,0.0,4.0,5.0,5.0","6.0,6.0,14.0,5.0,5.0","7.0,3.0,4.0,0.0,0.0","1,1,1,2,2","1,1,2,0,0","5,2,3,0,0","1,0,1,2,2","13,13,7,10,10","8,8,8,9,9","24,9,10,9,9","9,9,8,10,10",0.0,0.00 (0/1),0.00 (0/1),1.00 (1/1),0.00 (0/1),13.0,13.0,1.0,3.0,10.0,9.0,,5.0,2.0,,,,,,,,,,,,G. Araujo,6,3,3,6,3,3,3,3,25.0,17.0,50.0,25.0,17.0,50.0,74.0,104.0,40.0,100.0,100.0,100.0,Much More Lenient,Consistent,Much More Lenient,Consistent,Consistent,Consistent,2.03,3.66,3.52,1.31,1.29,1.8,1.49,2.61,1.78,2.05,,,2.1,1.73,,,1.4,2.91,3.02,1.38,,,,,1.28,3.56,1.99,1.85,3.5,1.29,6.81,1.1,,,1.46,2.71,2.79,1.43,,,,,,,,,1.82,1.86,,,,,,,,,,,2.66,2.23,4.29,,,,1.39,2.95,1.91,1.91,2.96,1.39,,,1.22,1.65,1.47,,,,4.85,1.17,1.52,2.48,,,1.91,1.88,2.52,1.5,,,,,,,,,,,,,,,,,,,,,,,,,1.8,1.88,,,1338416.0,1.0,0.0,H,5.0,2.0,,0.0,1.0,0.0,D,1.0,0.0,0.0,0.0,0.0,0.0,0.0,0.0,0.0,1.0,0.0,0.0,0.0,1.0,0.0,,H,1.0,13.0,10.0,0.0,3.0,46%,2.0,,3.0,,3.0,13.0,9.0,5.0,1.0,54%,0.0,,0.0,
03/06/2025,02:00,https://media.api-sports.io/flags/br.svg,Brazil,Serie B,https://media.api-sports.io/football/teams/149.png,Paysandu,20th,https://media.api-sports.io/football/teams/140.png,Criciuma,16th,,,0.184327816743254,Combo Double chance : draw or Criciuma and -3.5 goals,A(3.94),LLDDL,LDLLW,LLDDL,WLLDL,0.4,0.4,0.8,0.2,0.4,,0.8,,0.8,,1.0,,0.4,0.4,0.4,1.0,0.4,0.0,0.8,0.0,0.4,0.0,0.4,0.4,0.2,0.4,0.0,0.0,0.0,0.4,(2-1-2),5,(3-2-4),9,1.4,1.4,0.8,0.8,,,0.4,0.2,0.8,1.0,"   - Home goals/game: 0.40 (-69.70% ðŸ”» avg )
   - Home corners/game: 7.00 (+20.48% ðŸ”¼ avg)","   - *Away goals/game*: 0.80 (-6.98% ðŸ”» avg )
   - *Away corners/game*: 4.00 (+-12.28% ðŸ”¼ avg)","   - O8.5 corners: 90.00% (+19.00% ðŸ”¼ avg)
   - U12.5 corners: 80.00% (+5.00% ðŸ”¼ avg)",   - U12.5 corners: 80.00% (+5.00% ðŸ”¼ avg),4.0,Away or Draw (4/10),4.0,Under 2.5,4.0,Over 8.5,5.0,Over 3.5,6.0,Double Chance X2 (5/10),5.0,Over 3.5 Cards,1353353,0.4,20.6,5.6,13.0,8.6,1.0,1.0,0.4,11.6,4.0,14.4,4.6,3.4,,1.0,1.0,0.8,0.8,1.0,1.0,1.0,0.6,0.6,1.0,0.8,0.4,0.4,0.4,3.4,1.0,0.8,0.8,0.4,,0.2,0.2,0.6,20.0,4.8,8.0,12.4,2.0,,10.6,4.4,3.2,14.8,4.0,,20.0,4.8,8.0,12.4,2.0,,10.6,4.4,3.2,14.8,4.0,,"8.0,8.0,5.0,11.0,11.0","6.0,6.0,4.0,3.0,3.0","6.0,6.0,5.0,3.0,3.0","2.0,2.0,1.0,11.0,11.0","0,0,1,2,2","3,3,4,6,6","2,2,1,6,6","2,2,1,2,2","13,13,11,14,14","14,14,19,21,21","6,6,18,21,21","13,13,12,14,14",0.4,0.60 (3/5),0.40 (2/5),0.20 (1/5),0.40 (2/5),22.0,7.0,5.0,4.0,14.0,21.0,11.0,3.0,2.0,6.0,,,1.0,1.0,1.0,1.0,1.0,1.0,1.0,1.0,AndrÃ© Luiz,6,2,3,6,2,3,"2,3,3,2","3,3,1,6",21.0,20.0,22.0,21.0,20.0,22.0,93.0,88.0,98.0,100.0,100.0,100.0,Slightly More Lenient,Slightly More Lenient,Consistent,Consistent,Consistent,Consistent,2.12,3.19,3.94,1.27,1.38,1.76,1.47,2.75,2.25,1.67,,,2.61,1.51,,,1.66,2.27,,,,,1.12,6.86,1.53,2.59,2.62,1.52,5.13,1.18,,,,,1.94,1.92,,,,,,,,,1.56,2.34,1.71,2.09,1.94,1.85,2.2,1.65,2.43,1.53,,,,,2.96,2.01,4.73,,,,1.57,2.45,2.5,1.55,,,,,1.2,1.83,1.41,,,,6.49,1.12,1.54,2.49,,,2.21,1.67,2.99,1.39,,,,,,,,,,,,,,,,,,,,,,,1.96,1.76,1.69,2.03,2.25,1.56,1353353.0,0.0,1.0,A,14.0,8.0,,0.0,1.0,0.0,D,1.0,0.0,0.0,0.0,0.0,0.0,0.0,0.0,0.0,1.0,0.0,0.0,0.0,0.0,1.0,,A,5.0,22.0,14.0,11.0,1.0,54%,2.0,,3.0,,4.0,7.0,21.0,3.0,4.0,46%,6.0,,5.0,
07/06/2025,02:35,https://media.api-sports.io/flags/br.svg,Brazil,Serie B,https://media.api-sports.io/football/teams/1193.png,Cuiaba,4th,https://media.api-sports.io/football/teams/149.png,Paysandu,20th,0.1857479025987312,,,Double chance : Cuiaba or draw,H(1.70),DWWLW,LDLDL,WWLLD,LLDDL,2.0,1.2,0.4,0.4,1.4,,0.6,,1.2,,1.4,,0.6,0.2,0.8,0.8,1.0,0.4,0.4,0.2,0.4,0.4,0.4,0.4,0.4,0.0,0.2,0.6,0.0,0.0,(0-0-0),0,(0-0-0),0,1.0,1.0,,,,,,,,,"   - Home goals/game: 1.60 (+21.21% ðŸ”¼ avg )
   - Home corners/game: 6.80 (+17.04% ðŸ”¼ avg)","   - Away goals/game: 0.60 (-30.23% ðŸ”» avg)
   - *Away corners/game*: 3.80 (+-16.67% ðŸ”¼ avg)","   - Total match goals/game: 2.40 (+10.09% ðŸ”¼ avg)
   - O8.5 corners: 80.00% (+9.00% ðŸ”¼ avg)","   - O8.5 corners: 90.00% (+19.00% ðŸ”¼ avg)
   - U12.5 corners: 80.00% (+5.00% ðŸ”¼ avg)",8.0,Home Win (0.8/10),0.0,Over 1.5,0.0,Over 8.5,0.0,No Strong Signal,0.0,Double Chance 1X (0.9/10),0.0,Home Win,1353362,0.4,14.4,5.6,13.8,6.4,3.2,0.0,0.4,10.6,2.0,11.8,3.4,3.0,,0.8,0.8,0.4,0.4,3.2,1.0,1.0,1.0,1.0,0.0,1.0,1.0,0.8,0.8,3.0,1.0,1.0,0.8,0.8,,0.4,0.2,0.4,14.8,4.4,6.0,12.4,2.8,0.0,10.6,3.0,3.0,12.8,2.6,1.0,14.8,4.4,6.0,12.4,2.8,0.0,10.6,3.0,3.0,12.8,2.6,1.0,"8.0,8.0,6.0,6.0,4.0","7.0,7.0,3.0,3.0,1.0","3.0,3.0,3.0,5.0,3.0","6.0,8.0,8.0,7.0,8.0","3,3,2,2,6","3,3,5,5,2","3,3,3,4,2","2,3,3,1,1","17,17,9,9,17","16,16,17,17,11","17,12,12,10,8","16,12,12,13,6",,,,,,,,,,,,,,,,,,,,,,,,,,,0,0,0,0,0,0,0,0,0.0,0.0,0.0,0.0,0.0,0.0,0.0,0.0,0.0,0.0,0.0,0.0,0,0,0,0,0,0,1.7,3.4,5.0,1.17,1.3,2.1,1.29,3.4,2.1,1.65,1.22,3.8,2.0,1.73,4.0,1.2,1.73,2.0,4.5,1.17,9.75,1.03,1.07,7.0,1.42,2.62,2.25,1.57,4.0,1.2,8.5,1.04,1.06,6.25,1.72,2.07,3.35,1.26,7.5,1.03,1.49,2.43,,,1.78,1.92,,,2.2,1.58,,,2.8,1.38,,,,,2.38,2.05,5.25,2.15,2.3,5.0,1.48,2.5,2.25,1.62,3.2,1.3,7.1,1.05,1.14,1.7,1.57,1.17,1.6,1.62,5.25,1.12,1.36,2.87,1.35,3.05,1.93,1.8,3.1,1.34,5.3,1.14,9.75,1.03,11.25,1.02,,,1.62,2.2,2.5,1.5,3.8,1.24,7.8,1.06,8.75,1.05,,,,,,,,,,,1353362.0,1.0,0.0,H,12.0,5.0,,0.0,1.0,0.0,D,1.0,0.0,0.0,0.0,0.0,0.0,0.0,0.0,0.0,1.0,0.0,0.0,0.0,1.0,0.0,,H,6.0,22.0,15.0,9.0,2.0,66%,2.0,,3.0,,3.0,8.0,13.0,3.0,0.0,34%,3.0,,3.0,
09/06/2025,03:00,https://media.api-sports.io/flags/us.svg,USA,Major League Soccer,https://media.api-sports.io/football/teams/1603.png,Vancouver Whitecaps,1st,https://media.api-sports.io/football/teams/1595.png,Seattle Sounders,5th,0.1117129316181449,,,Double chance : Vancouver Whitecaps or draw,H(2.20),WLWWW,LDWDL,DWWDW,WWDWW,2.4,1.8,1.0,1.2,2.2,2.53,0.8,1.03,1.0,1.26,2.4,1.21,0.8,1.0,0.8,0.4,0.8,0.8,0.4,0.2,0.8,0.8,1.0,0.8,0.6,0.0,0.6,0.6,0.0,0.2,(3-4-5),12,(5-8-17),30,1.0833333333333333,1.5833333333333333,1.0,1.33,1.25,1.32,0.8333333333333334,0.5,0.5,0.9166666666666666,"   - Home goals/game: 1.92 (+13.61% ðŸ”¼ avg )
   - *Home corners/game*: 5.44 (+-0.55% ðŸ”¼ avg)","   - *Away goals/game*: 1.19 (+-10.35% ðŸ”¼ avg )
   - Away corners/game: 5.46 (26.72% ðŸ”¼ avg)",   - O1.5 goals: 81.50% (+2.50% ðŸ”¼ avg),"   - Total match corners/game: 10.70 (+11.80% ðŸ”¼ avg)
   - O1.5 goals: 73.75% (-5.25% ðŸ”¼ avg)
   - U12.5 corners: 71.32% (-8.68% ðŸ”¼ avg)",8.0,Home Win (0.8/10),0.0,Over 1.5,0.0,Over 9.5,0.0,Over 3.5,0.0,Double Chance 1X (0.7/10),0.0,Home Win,1326470,0.8,20.6,6.6,12.6,7.4,1.8,,0.4,12.6,4.2,10.6,5.2,2.0,0.0,1.0,0.8,0.6,0.6,1.8,1.0,1.0,0.8,0.4,,1.0,0.4,0.4,0.4,2.0,1.0,1.0,0.8,0.4,0.0,0.2,0.6,0.0,11.2,3.6,5.4,15.6,2.0,,12.2,4.4,3.2,12.0,1.8,,11.2,3.6,5.4,15.6,2.0,,12.2,4.4,3.2,12.0,1.8,,"4.0,9.0,9.0,7.0,8.0","5.0,5.0,5.0,6.0,0.0","5.0,3.0,8.0,5.0,5.0","8.0,5.0,3.0,3.0,3.0","4,1,1,2,1","1,3,3,3,2","4,3,1,1,1","2,2,2,3,3","12,15,15,13,8","10,10,10,17,12","12,12,9,10,10","12,17,18,22,22",0.5833333333333334,0.58 (6/12),0.50 (5/12),0.42 (4/12),0.83 (6/12),11.64,13.5,3.8,5.25,12.91,8.25,5.2,7.0,2.8,1.8,1.0,1.0,0.5454545454545454,0.5454545454545454,0.4545454545454545,0.4545454545454545,0.6363636363636364,0.6363636363636364,0.3636363636363636,0.3636363636363636,,0,0,0,0,0,0,0,0,0.0,0.0,0.0,0.0,0.0,0.0,0.0,0.0,0.0,0.0,0.0,0.0,0,0,0,0,0,0,2.2,3.5,3.24,,,,,,,,,,2.16,1.69,,,,,2.82,1.41,,,,,1.27,3.62,1.91,1.92,3.16,1.34,5.89,1.12,,,1.42,2.81,2.54,1.5,,,,,,,,,,,,,,,,,,,,,2.83,2.27,3.82,,,,1.35,3.07,1.81,2.01,2.8,1.42,,,,,,,,,,,,,,,1.92,1.84,2.28,1.58,,,,,,,,,,,,,,,,,,,,,,,,,,,,,1326470.0,3.0,0.0,H,6.0,,2.0,0.0,0.0,1.0,A,1.0,1.0,1.0,0.0,0.0,1.0,0.0,0.0,0.0,1.0,1.0,0.0,0.0,1.0,0.0,,H,5.0,13.0,10.0,3.0,0.0,46%,,0.0,0.0,1.78,0.0,7.0,11.0,3.0,1.0,54%,,2.0,2.0,0.6
09/06/2025,03:00,https://media.api-sports.io/flags/us.svg,USA,Major League Soccer,https://media.api-sports.io/football/teams/1616.png,Los Angeles FC,6th,https://media.api-sports.io/football/teams/1611.png,Sporting Kansas City,12th,0.1514347484276731,,,Double chance : Los Angeles FC or draw,H(1.57),WLWDW,LLLWL,DWDDW,LWLWL,2.0,1.0,0.6,1.2,2.4,2.66,1.2,0.85,0.8,0.73,1.2,1.35,0.6,0.8,1.0,0.6,1.0,1.0,0.6,0.4,1.0,0.6,0.6,0.6,0.2,0.0,0.6,0.6,0.0,0.2,(4-2-3),9,(10-2-5),17,1.5555555555555556,1.2222222222222223,1.78,1.44,1.97,1.04,0.8888888888888888,0.6666666666666666,0.3333333333333333,0.4444444444444444,"   - *Home goals/game*: 1.85 (+9.24% ðŸ”¼ avg )
   - Home corners/game: 6.50 (+18.83% ðŸ”¼ avg)","   - *Away goals/game*: 1.18 (+-11.14% ðŸ”¼ avg )
   - *Away corners/game*: 4.10 (+-4.98% ðŸ”¼ avg)","   - Total match corners/game: 10.75 (+12.35% ðŸ”¼ avg)
   - O1.5 goals: 80.02% (+1.02% ðŸ”¼ avg)
   - O8.5 corners: 73.49% (+12.49% ðŸ”¼ avg)
   - U12.5 corners: 73.49% (-6.51% ðŸ”¼ avg)","   - Total match goals/game: 3.50 (+15.51% ðŸ”¼ avg)
   - GG: 75.00% (+15.00% ðŸ”¼ avg)
   - O1.5 goals: 93.18% (+14.18% ðŸ”¼ avg)
   - O2.5 goals: 72.73% (+12.73% ðŸ”¼ avg)
   - U10.5 corners: 72.73% (+10.73% ðŸ”¼ avg)
   - U12.5 corners: 79.55% (-0.45% ðŸ”¼ avg)",8.0,Home Win (0.8/10),0.0,Over 1.5,0.0,Over 9.5,0.0,Over 3.5,0.0,BTTS (0.6/10),0.0,Home Win,1326450,0.4,19.2,9.0,12.6,5.8,1.6,0.0,0.6,11.0,3.4,12.0,3.6,2.2,,1.0,0.0,0.0,0.0,1.6,1.0,1.0,0.6,0.6,0.0,1.0,0.8,0.4,0.2,2.2,1.0,1.0,0.6,0.4,,0.8,0.0,0.0,15.6,6.0,5.0,12.4,3.0,0.0,10.2,3.8,3.0,11.2,2.8,1.0,15.6,6.0,5.0,12.4,3.0,0.0,10.2,3.8,3.0,11.2,2.8,1.0,"6.0,6.0,6.0,6.0,5.0","2.0,2.0,2.0,2.0,3.0","5.0,0.0,5.0,7.0,1.0","4.0,8.0,5.0,6.0,8.0","1,1,2,2,2","2,2,3,3,3","1,2,3,2,3","2,1,1,3,2","10,10,13,13,17","7,7,16,16,12","6,13,12,9,20","8,13,17,14,14",0.5555555555555556,0.44 (4/9),1.11 (6/9),1.33 (6/9),0.33 (3/9),16.44,13.33,4.89,5.33,15.56,15.0,5.2,6.0,3.2,4.3,,1.0,0.2222222222222222,0.2222222222222222,0.2222222222222222,0.1111111111111111,0.3333333333333333,0.3333333333333333,0.3333333333333333,0.2222222222222222,,0,0,0,0,0,0,0,0,0.0,0.0,0.0,0.0,0.0,0.0,0.0,0.0,0.0,0.0,0.0,0.0,0,0,0,0,0,0,1.57,4.33,5.33,,,,,,,,,,1.52,2.53,2.51,1.53,1.47,2.69,,,,,,,1.18,4.92,1.57,2.42,2.4,1.58,4.19,1.23,,,,,1.91,1.92,,,,,,,,,,,,,,,,,,,,,2.02,2.62,5.51,,,,,,1.53,2.52,2.34,1.6,,,,,,,,,,,,,,,1.53,2.46,2.63,1.47,,,,,,,,,,,,,,,,,,,,,,,,,,,,,1326450.0,3.0,1.0,H,10.0,4.0,,0.0,1.0,0.0,D,1.0,1.0,1.0,1.0,1.0,1.0,1.0,0.0,0.0,1.0,1.0,0.0,0.0,0.0,0.0,,A,10.0,22.0,15.0,8.0,4.0,58%,3.0,,1.0,2.79,2.0,5.0,14.0,2.0,2.0,42%,1.0,,4.0,0.19
05/06/2025,03:15,https://media.api-sports.io/flags/co.svg,Colombia,Primera A,https://media.api-sports.io/football/teams/1138.png,America de Cali,2nd,https://media.api-sports.io/football/teams/1135.png,Junior,14th,0.0829714700506826,,,Combo Double chance : America de Cali or draw and -3.5 goals,H(2.03),WWDWW,WWDDL,,,2.6,2.6,1.6,1.6,2.4,,0.8,,0.0,,1.2,,0.4,0.6,1.0,0.4,1.0,1.0,0.4,0.2,1.0,0.4,0.4,0.4,0.4,0.0,0.4,1.0,0.2,0.2,(7-3-1),11,(9-8-7),24,2.1818181818181817,0.5454545454545454,1.73,0.64,,,0.6363636363636364,0.4545454545454545,0.5454545454545454,0.6363636363636364,"   - Home goals/game: 2.00 (+56.25% ðŸ”¼ avg )
   - Home corners/game: 6.80 (+33.33% ðŸ”¼ avg)","   - Away goals/game: 1.20 (+37.93% ðŸ”¼ avg)
   - Away corners/game: 2.90 (-25.64% ðŸ”» avg)","   - Total match corners/game: 10.09 (+15.59% ðŸ”¼ avg)
   - NG: 76.36% (+18.36% ðŸ”¼ avg)
   - O1.5 goals: 71.82% (+9.82% ðŸ”¼ avg)
   - U2.5 goals: 75.91% (+12.91% ðŸ”¼ avg)
   - U3.5 goals: 90.45% (+7.45% ðŸ”¼ avg)
   - U12.5 corners: 80.45% (-2.55% ðŸ”¼ avg)",   - U12.5 corners: 90.91% (+7.91% ðŸ”¼ avg),8.0,Home Win (0.8/10),0.0,Under 2.5,0.0,Over 9.5,0.0,Over 3.5,0.0,Double Chance 1X (0.8/10),0.0,Home Win,1376751,0.0,17.2,6.2,17.8,6.0,3.0,,0.4,9.8,3.8,7.8,3.2,3.2,,0.8,0.8,0.4,0.4,3.0,1.0,1.0,1.0,1.0,,0.6,0.2,0.2,0.2,3.2,1.0,1.0,0.8,0.8,,0.6,0.2,0.2,18.6,5.4,5.6,13.4,2.8,0.0,10.8,4.4,2.8,9.4,3.4,1.0,18.6,5.4,5.6,13.4,2.8,0.0,10.8,4.4,2.8,9.4,3.4,1.0,"8.0,8.0,7.0,7.0,0.0","3.0,3.0,2.0,2.0,5.0","2.0,5.0,5.0,1.0,3.0","5.0,3.0,3.0,3.0,9.0","3,3,2,2,5","3,3,4,4,5","1,4,4,3,4","2,6,6,4,2","18,18,20,19,14","11,11,10,10,7","8,8,8,6,9","15,16,16,10,15",0.4545454545454545,1.00 (6/11),0.36 (4/11),0.73 (4/11),0.27 (2/11),15.75,9.0,6.12,3.25,14.75,9.25,5.0,4.1,3.0,3.4,1.0,1.0,0.625,0.375,0.25,0.25,0.875,0.875,0.875,0.5,,0,0,0,0,0,0,0,0,0.0,0.0,0.0,0.0,0.0,0.0,0.0,0.0,0.0,0.0,0.0,0.0,0,0,0,0,0,0,2.03,3.05,4.04,,,,,,,,,,2.39,1.54,,,1.6,2.26,,,,,,,1.46,2.65,2.41,1.54,4.43,1.19,,,,,1.8,1.99,,,,,,,,,,,,,,,,,,,,,,,,,,,,,,,,,,,,,,,,,,,,,,,,,,,,,,,,,,,,,,,,,,,,,,,,,,,,,,,,,1376751.0,2.0,1.0,H,12.0,6.0,,0.0,1.0,0.0,D,1.0,1.0,1.0,0.0,1.0,1.0,1.0,0.0,0.0,1.0,0.0,0.0,0.0,0.0,0.0,,A,6.0,20.0,11.0,9.0,2.0,63%,2.0,,3.0,,4.0,14.0,10.0,3.0,0.0,37%,4.0,,4.0,
06/06/2025,03:15,https://media.api-sports.io/flags/co.svg,Colombia,Primera A,https://media.api-sports.io/football/teams/1125.png,Millonarios,17th,https://media.api-sports.io/football/teams/1137.png,Atletico Nacional,4th,,,,Double chance : Millonarios or draw,A(3.06),WWWDW,WDLDL,,,2.6,2.6,1.0,1.0,1.8,,0.4,,0.4,,1.0,,0.4,0.8,0.6,0.4,0.8,0.6,0.4,0.0,0.6,0.2,0.4,0.2,0.4,0.0,0.2,0.8,0.2,0.0,(5-7-5),17,(9-13-9),31,1.2941176470588236,1.2941176470588236,0.88,0.82,,,0.5882352941176471,0.3529411764705882,0.6470588235294118,1.0,,,,,,,,,,,,,,,,,1376753,0.2,18.6,4.2,9.0,5.0,3.0,0.0,0.4,14.6,3.4,13.0,5.8,3.4,1.0,0.2,0.2,0.2,0.2,3.0,1.0,1.0,0.8,0.8,0.0,0.6,0.6,0.6,0.6,3.4,1.0,1.0,1.0,1.0,1.0,0.6,0.0,0.2,21.6,6.6,8.2,13.0,3.4,0.0,9.2,3.4,2.6,9.4,4.4,1.3333333333333333,21.6,6.6,8.2,13.0,3.4,0.0,9.2,3.4,2.6,9.4,4.4,1.3333333333333333,"4.0,2.0,2.0,5.0,12.0","3.0,3.0,3.0,1.0,1.0","8.0,5.0,5.0,4.0,7.0","4.0,1.0,1.0,7.0,5.0","2,3,3,3,4","1,3,3,6,6","3,4,4,4,2","3,1,1,4,5","8,9,9,9,10","11,9,9,16,8","6,15,15,18,11","9,15,15,11,16",0.4705882352941176,0.35 (4/17),0.35 (6/17),0.53 (7/17),0.47 (7/17),14.27,10.67,4.4,3.67,12.0,12.79,5.4,4.0,2.7,4.0,1.5,1.0,0.7333333333333333,0.6,0.4666666666666667,0.4666666666666667,1.0,0.9333333333333332,0.9333333333333332,0.9333333333333332,,0,0,0,0,0,0,0,0,0.0,0.0,0.0,0.0,0.0,0.0,0.0,0.0,0.0,0.0,0.0,0.0,0,0,0,0,0,0,2.59,2.76,3.06,,,,,,,,,,2.54,1.47,,,1.38,2.84,2.86,1.38,,,,,1.31,3.16,2.11,1.68,3.61,1.25,,,,,1.54,2.37,,,,,,,,,,,,,,,,,,,,,,,,,,,,,,,1.95,1.73,,,,,,,,,,,,,,,,,,,,,,,,,,,,,,,,,,,,,,,,,,,,,,,,,1376753.0,0.0,0.0,D,6.0,7.0,,0.0,1.0,0.0,D,0.0,0.0,0.0,0.0,0.0,0.0,0.0,0.0,0.0,0.0,0.0,0.0,0.0,0.0,0.0,,,2.0,12.0,16.0,4.0,3.0,49%,3.0,,2.0,,2.0,10.0,16.0,2.0,0.0,51%,4.0,,2.0,
08/06/2025,07:00,https://media.api-sports.io/flags/jp.svg,Japan,J2 League,https://media.api-sports.io/football/teams/4322.png,Kataller Toyama,18th,https://media.api-sports.io/football/teams/305.png,Mito Hollyhock,4th,,,0.1734262034914478,Double chance : draw or Mito Hollyhock,A(2.15),DLDLD,LLWWW,DLDLD,WWWWW,0.6,0.6,1.8,3.0,1.0,,1.2,,1.4,,1.0,,0.8,0.6,0.8,1.0,0.8,0.2,0.8,0.4,0.8,0.6,0.8,0.4,0.2,0.0,0.6,0.0,0.4,0.6,(2-0-1),3,(3-0-3),6,2.0,1.0,1.67,1.67,,,1.0,1.0,0.0,0.6666666666666666,"   - *Home goals/game*: 1.25 (-8.76% ðŸ”» avg )
   - *Home corners/game*: 0.00 (0.00% âž– avg)","   - *Away goals/game*: 1.14 (+1.14% ðŸ”¼ avg )
   - *Away corners/game*: 0.00 (0.00% âž– avg)",   - No total insights,   - O1.5 goals: 70.71% (+0.71% ðŸ”¼ avg),6.0,Away Win (7/10),7.0,Over 1.5,6.0,No Data,,No Data,,Double Chance X2 (7/10),7.0,Away Win,1324680,0.8,,,,,,,0.4,,,,,,,0.0,0.0,0.0,0.0,,0.0,0.0,0.0,0.0,,0.0,0.0,0.0,0.0,,0.0,0.0,0.0,0.0,,0.8,0.2,0.0,,,,,,,,,,,,,,,,,,,,,,,,,"nan,nan,nan,nan,nan","nan,nan,nan,nan,nan","nan,nan,nan,nan,nan","nan,nan,nan,nan,nan","0,0,0,0,0","0,0,0,0,0","0,0,0,0,0","0,0,0,0,0","0,0,0,0,0","0,0,0,0,0","0,0,0,0,0","0,0,0,0,0",0.6666666666666666,0.67 (2/3),0.00 (0/3),1.00 (2/3),1.67 (3/3),,,,,,,,,,,,,,,,,,,,,,0,0,0,0,0,0,0,0,0.0,0.0,0.0,0.0,0.0,0.0,0.0,0.0,0.0,0.0,0.0,0.0,0,0,0,0,0,0,3.41,3.36,2.15,,,,,,,,1.47,2.64,,,,,,,2.39,1.56,,,,,1.38,3.0,2.21,1.67,4.03,1.23,,,,,1.64,2.27,,,,,,,,,,,,,,,,,,,,,,,4.19,2.12,2.85,,,,1.45,2.71,2.1,1.74,3.27,1.33,,,,,,,,,,,,,,,2.59,1.47,2.04,1.74,,,,,,,,,,,,,,,,,,,,,,,,,,,,,1324680.0,0.0,1.0,A,,,,0.0,0.0,1.0,A,1.0,0.0,0.0,0.0,0.0,1.0,0.0,0.0,0.0,0.0,0.0,0.0,0.0,0.0,1.0,,A,,,,,,,,,,,,,,,,,,,,
08/06/2025,07:00,https://media.api-sports.io/flags/jp.svg,Japan,J2 League,https://media.api-sports.io/football/teams/313.png,Omiya Ardija,2nd,https://media.api-sports.io/football/teams/318.png,Ehime FC,20th,-0.089043978396577,,,Double chance : Omiya Ardija or draw,H(1.53),DWDWD,WDDDD,DWWWD,DLDDD,1.8,2.2,1.4,0.8,2.0,,1.8,,1.2,,1.6,,0.8,1.0,1.0,1.0,1.0,0.8,1.0,0.6,0.8,0.8,1.0,0.6,0.0,0.0,0.2,0.4,0.4,0.2,(2-2-1),5,(3-3-4),10,1.6,1.0,1.4,1.2,,,0.6,0.4,0.6,0.8,,,,,,,,,,,,,,,,,1324679,0.6,,,,,,,1.0,,,,,,,0.0,0.0,0.0,0.0,,0.0,0.0,0.0,0.0,,0.0,0.0,0.0,0.0,,0.0,0.0,0.0,0.0,,0.6,0.0,0.4,,,,,,,,,,,,,,,,,,,,,,,,,"nan,nan,nan,nan,nan","nan,nan,nan,nan,nan","nan,nan,nan,nan,nan","nan,nan,nan,nan,nan","0,0,0,0,0","0,0,0,0,0","0,0,0,0,0","0,0,0,0,0","0,0,0,0,0","0,0,0,0,0","0,0,0,0,0","0,0,0,0,0",0.6,1.00 (3/5),0.60 (3/5),0.40 (1/5),0.60 (1/5),,,,,,,,,,,,,,,,,,,,,,0,0,0,0,0,0,0,0,0.0,0.0,0.0,0.0,0.0,0.0,0.0,0.0,0.0,0.0,0.0,0.0,0,0,0,0,0,0,1.53,4.28,5.67,,,,,,,,,,1.6,2.32,,,1.57,2.33,,,,,,,1.22,3.98,1.71,2.1,2.75,1.42,5.04,1.15,,,,,2.2,1.65,,,,,,,,,,,,,,,,,,,,,2.04,2.48,5.91,,,,,,1.65,2.17,2.56,1.48,,,,,,,,,,,,,,,1.58,2.31,2.89,1.37,,,,,,,,,,,,,,,,,,,,,,,,,,,,,1324679.0,1.0,1.0,D,,,,0.0,1.0,0.0,D,1.0,1.0,0.0,0.0,1.0,0.0,0.0,0.0,0.0,1.0,1.0,0.0,0.0,0.0,0.0,,A,,,,,,,,,,,,,,,,,,,,
07/06/2025,11:00,https://media.api-sports.io/flags/jp.svg,Japan,J2 League,https://media.api-sports.io/football/teams/10075.png,Imabari,9th,https://media.api-sports.io/football/teams/298.png,Oita Trinita,10th,-0.0090527920716599,,,Double chance : draw or Oita Trinita,H(2.13),WDDLL,DLWLD,LLLWD,WLDLW,1.0,0.8,1.0,1.4,1.4,,1.2,,1.2,,1.4,,0.6,0.8,0.6,1.0,0.4,0.4,0.6,0.4,0.4,0.4,0.8,0.6,0.4,0.4,0.0,0.2,0.2,0.2,(0-0-0),0,(0-0-0),0,1.0,1.0,,,,,,,,,,,,,,,,,,,,,,,,,1324681,0.4,,,,,,,0.4,,,,,,,0.0,0.0,0.0,0.0,,0.0,0.0,0.0,0.0,,0.0,0.0,0.0,0.0,,0.0,0.0,0.0,0.0,,0.4,0.2,0.4,,,,,,,,,,,,,,,,,,,,,,,,,"nan,nan,nan,nan,nan","nan,nan,nan,nan,nan","nan,nan,nan,nan,nan","nan,nan,nan,nan,nan","0,0,0,0,0","0,0,0,0,0","0,0,0,0,0","0,0,0,0,0","0,0,0,0,0","0,0,0,0,0","0,0,0,0,0","0,0,0,0,0",,,,,,,,,,,,,,,,,,,,,,,,,,,0,0,0,0,0,0,0,0,0.0,0.0,0.0,0.0,0.0,0.0,0.0,0.0,0.0,0.0,0.0,0.0,0,0,0,0,0,0,2.13,3.16,3.7,,,,,,,,,,2.65,1.47,,,1.58,2.35,,,,,1.1,6.74,1.52,2.53,2.61,1.49,5.15,1.16,,,,,1.94,1.88,,,,,,,,,,,,,,,,,,,,,,,2.91,1.98,4.67,,,,1.56,2.41,2.48,1.53,,,,,,,,,,,,,,,,,2.17,1.65,2.96,1.37,,,,,,,,,,,,,,,,,,,,,,,,,,,,,1324681.0,1.0,1.0,D,,,,0.0,0.0,1.0,A,1.0,1.0,0.0,0.0,1.0,1.0,0.0,0.0,0.0,1.0,0.0,0.0,0.0,0.0,0.0,,A,,,,,,,,,,,,,,,,,,,,
06/06/2025,12:00,https://media.api-sports.io/flags/kr.svg,South-Korea,K League 2,https://media.api-sports.io/football/teams/2757.png,Seongnam FC,8th,https://media.api-sports.io/football/teams/2765.png,Suwon Bluewings,2nd,,,,Double chance : draw or Suwon Bluewings,A(1.76),WWDLD,LLDDW,LDDLL,WDWWD,1.6,0.4,1.0,2.2,0.4,,2.2,,0.4,,2.0,,0.4,0.6,0.2,1.0,0.4,0.0,1.0,0.6,0.2,0.2,1.0,0.6,0.0,0.0,0.2,0.2,0.2,0.2,(3-2-5),10,(8-3-11),22,1.1,1.7,1.0,1.3,,,0.8,0.5,0.5,0.9,,,,,,,,,,,,,,,,,1337651,0.2,,,,,,,1.0,,,,,,,0.0,0.0,0.0,0.0,,0.0,0.0,0.0,0.0,,0.0,0.0,0.0,0.0,,0.0,0.0,0.0,0.0,,0.6,0.2,0.0,,,,,,,,,,,,,,,,,,,,,,,,,"nan,nan,nan,nan,nan","nan,nan,nan,nan,nan","nan,nan,nan,nan,nan","nan,nan,nan,nan,nan","0,0,0,0,0","0,0,0,0,0","0,0,0,0,0","0,0,0,0,0","0,0,0,0,0","0,0,0,0,0","0,0,0,0,0","0,0,0,0,0",0.5,0.30 (3/10),0.50 (4/10),0.70 (5/10),0.80 (6/10),12.75,8.5,4.75,2.5,14.25,14.75,4.2,2.0,1.8,3.0,,,0.5,0.25,0.25,0.0,1.0,1.0,0.75,0.5,,0,0,0,0,0,0,0,0,0.0,0.0,0.0,0.0,0.0,0.0,0.0,0.0,0.0,0.0,0.0,0.0,0,0,0,0,0,0,4.35,3.81,1.76,,,,,,,,1.53,2.49,,,,,,,1.88,1.91,,,,,1.29,3.51,1.92,1.89,3.28,1.32,6.34,1.11,,,1.45,2.73,2.63,1.48,,,,,,,,,,,,,,,,,,,,,4.98,2.29,2.36,,,,1.37,3.03,1.85,1.95,2.87,1.41,,,,,,,,,,,,,,,2.74,1.43,1.76,,,,,,,,,,,,,,,,,,,,,,,,,,,,,,1337651.0,1.0,2.0,A,,,,0.0,1.0,0.0,D,1.0,1.0,1.0,0.0,1.0,1.0,1.0,0.0,0.0,1.0,0.0,0.0,0.0,0.0,0.0,,A,,,,,,,,,,,,,,,,,,,,
06/06/2025,12:00,https://media.api-sports.io/flags/kr.svg,South-Korea,K League 2,https://media.api-sports.io/football/teams/7061.png,Cheongju,11th,https://media.api-sports.io/football/teams/2753.png,Asan Mugunghwa,7th,,0.0198621553884711,0.0750626566416039,Double chance : draw or Asan Mugunghwa,"A(2.16), X(3.45)",DLDL,LDDLW,LDLLD,WDWLL,0.5,0.4,1.0,1.4,1.0,,1.0,,2.2,,1.0,,0.6,0.4,0.8,0.8,0.6,0.2,0.6,0.2,0.8,0.6,0.8,0.2,0.2,0.2,0.4,0.0,0.2,0.2,(1-0-3),4,(1-0-7),8,0.75,2.25,0.5,2.75,,,0.75,0.75,0.25,0.5,"   - Home goals/game: 1.00 (-23.08% ðŸ”» avg )
   - *Home corners/game*: 0.00 (0.00% âž– avg)","   - Away goals/game: 0.86 (-33.04% ðŸ”» avg)
   - *Away corners/game*: 0.00 (0.00% âž– avg)","   - Total match goals/game: 2.98 (+14.86% ðŸ”¼ avg)
   - O1.5 goals: 82.50% (+8.50% ðŸ”¼ avg)",   - O1.5 goals: 78.57% (+4.57% ðŸ”¼ avg),5.0,Away Win (6/10),6.0,Over 1.5,5.0,No Data,,No Data,,Draw (4/10),4.0,Away Win,1337650,0.6,,,,,,,0.6,,,,,,,0.0,0.0,0.0,0.0,,0.0,0.0,0.0,0.0,,0.0,0.0,0.0,0.0,,0.0,0.0,0.0,0.0,,0.6,0.2,0.0,,,,,,,,,,,,,,,,,,,,,,,,,"nan,nan,nan,nan,nan","nan,nan,nan,nan,nan","nan,nan,nan,nan,nan","nan,nan,nan,nan,nan","0,0,0,0,0","0,0,0,0,0","0,0,0,0,0","0,0,0,0,0","0,0,0,0,0","0,0,0,0,0","0,0,0,0,0","0,0,0,0,0",0.25,0.00 (0/4),1.00 (3/4),0.50 (2/4),1.75 (3/4),,,,,,,,,,,,,,,,,,,,,,0,0,0,0,0,0,0,0,0.0,0.0,0.0,0.0,0.0,0.0,0.0,0.0,0.0,0.0,0.0,0.0,0,0,0,0,0,0,3.3,3.45,2.16,,,,,,,,1.42,2.82,,,,,,,2.28,1.62,,,,,1.34,3.21,2.06,1.76,3.66,1.27,,,,,1.55,2.46,2.83,1.41,,,,,,,,,,,,,,,,,,,,,4.02,2.17,2.84,,,,1.41,2.85,1.98,1.83,3.07,1.36,,,,,,,,,,,,,,,2.46,1.52,2.0,1.77,,,,,,,,,,,,,,,,,,,,,,,,,,,,,1337650.0,0.0,2.0,A,,,,0.0,0.0,1.0,A,1.0,1.0,0.0,0.0,0.0,1.0,1.0,0.0,0.0,0.0,0.0,0.0,0.0,0.0,1.0,,A,,,,,,,,,,,,,,,,,,,,
07/06/2025,12:00,https://media.api-sports.io/flags/kr.svg,South-Korea,K League 2,https://media.api-sports.io/football/teams/2751.png,Gyeongnam FC,9th,https://media.api-sports.io/football/teams/7087.png,Hwaseong,13th,0.4246003168659082,,,Double chance : Gyeongnam FC or draw,H(2.28),LWLLW,LLLLL,WWLLL,LLLLW,1.2,1.2,0.0,0.6,1.6,,1.0,,1.8,,2.2,,0.6,0.8,0.8,0.8,0.8,0.6,0.6,0.4,1.0,1.0,0.6,0.6,0.4,0.2,0.2,0.6,0.0,0.0,(0-0-0),0,(0-2-0),2,1.0,1.0,,,,,,,,,"   - Home goals/game: 1.57 (+20.88% ðŸ”¼ avg )
   - *Home corners/game*: 0.00 (0.00% âž– avg)","   - *Away goals/game*: 1.14 (-10.71% ðŸ”» avg )
   - *Away corners/game*: 0.00 (0.00% âž– avg)",   - O1.5 goals: 78.57% (+4.57% ðŸ”¼ avg),   - O1.5 goals: 71.43% (-2.57% ðŸ”¼ avg),7.0,Home Win (7/10),7.0,Over 1.5,7.0,No Data,,No Data,,Double Chance 1X (6/10),6.0,Home Win,1337654,0.8,,,,,,,0.6,,,,,,,0.0,0.0,0.0,0.0,,0.0,0.0,0.0,0.0,,0.0,0.0,0.0,0.0,,0.0,0.0,0.0,0.0,,0.6,0.2,0.2,,,,,,,,,,,,,,,,,,,,,,,,,"nan,nan,nan,nan,nan","nan,nan,nan,nan,nan","nan,nan,nan,nan,nan","nan,nan,nan,nan,nan","0,0,0,0,0","0,0,0,0,0","0,0,0,0,0","0,0,0,0,0","0,0,0,0,0","0,0,0,0,0","0,0,0,0,0","0,0,0,0,0",,,,,,,,,,,,,,,,,,,,,,,,,,,0,0,0,0,0,0,0,0,0.0,0.0,0.0,0.0,0.0,0.0,0.0,0.0,0.0,0.0,0.0,0.0,0,0,0,0,0,0,2.28,3.62,2.94,,,,,,,,,,2.22,1.65,,,,,2.64,1.45,,,,,1.26,3.59,1.88,1.94,3.13,1.34,5.8,1.12,,,1.41,2.81,2.51,1.5,,,,,,,,,,,,,,,,,,,,,2.92,2.26,3.62,,,,1.35,3.07,1.8,2.01,2.77,1.41,,,,,,,,,,,,,,,1.96,1.8,2.2,1.61,,,,,,,,,,,,,,,,,,,,,,,,,,,,,1337654.0,0.0,1.0,A,,,,0.0,0.0,1.0,A,1.0,0.0,0.0,0.0,0.0,1.0,0.0,0.0,0.0,0.0,0.0,0.0,0.0,0.0,1.0,,A,,,,,,,,,,,,,,,,,,,,
07/06/2025,12:00,https://media.api-sports.io/flags/kr.svg,South-Korea,K League 2,https://media.api-sports.io/football/teams/2752.png,Busan I Park,5th,https://media.api-sports.io/football/teams/2758.png,Ansan Greeners,12th,0.0267448250595346,,,Combo Double chance : Busan I Park or draw and -3.5 goals,H(1.61),LDWWL,LWLDD,WDLWW,WDLDW,1.4,2.0,1.0,1.6,2.0,,0.6,,2.0,,0.8,,1.0,0.2,1.0,0.8,1.0,0.8,0.6,0.0,1.0,0.8,0.4,0.2,0.2,0.0,0.2,0.4,0.0,0.4,(7-4-2),13,(16-7-5),28,1.9230769230769231,0.7692307692307693,1.62,0.54,,,0.7692307692307693,0.3846153846153846,0.6153846153846154,0.8461538461538461,"   - *Home goals/game*: 1.25 (+-3.85% ðŸ”¼ avg )
   - *Home corners/game*: 0.00 (0.00% âž– avg)","   - Away goals/game: 0.50 (-60.94% ðŸ”» avg)
   - *Away corners/game*: 0.00 (nan% âž– avg)",   - O1.5 goals: 72.92% (-1.08% ðŸ”¼ avg),"   - Total match goals/game: 2.04 (-21.17% ðŸ”» avg)
   - NG: 70.83% (+26.83% ðŸ”¼ avg)
   - U2.5 goals: 70.83% (+20.83% ðŸ”¼ avg)
   - U3.5 goals: 79.17% (+4.17% ðŸ”¼ avg)",6.0,Home Win (7/10),7.0,Over 1.5,6.0,No Data,,No Data,,Double Chance 1X (8/10),8.0,Home Win,1337652,0.8,,,,,,,0.2,,,,,,,0.0,0.0,0.0,0.0,,0.0,0.0,0.0,0.0,,0.0,0.0,0.0,0.0,,0.0,0.0,0.0,0.0,,0.2,0.2,0.2,,,,,,,,,,,,,,,,,,,,,,,,,"nan,nan,nan,nan,nan","nan,nan,nan,nan,nan","nan,nan,nan,nan,nan","nan,nan,nan,nan,nan","0,0,0,0,0","0,0,0,0,0","0,0,0,0,0","0,0,0,0,0","0,0,0,0,0","0,0,0,0,0","0,0,0,0,0","0,0,0,0,0",0.3076923076923077,0.54 (5/13),0.23 (3/13),1.08 (8/13),0.31 (4/13),,,,,,,,,,,,,,,,,,,,,,0,0,0,0,0,0,0,0,0.0,0.0,0.0,0.0,0.0,0.0,0.0,0.0,0.0,0.0,0.0,0.0,0,0,0,0,0,0,1.61,4.0,5.27,,,,,,,,,,1.79,2.0,,,1.63,2.25,,,,,,,1.31,3.35,1.98,1.84,3.41,1.3,6.73,1.1,,,1.5,2.59,2.75,1.45,,,,,,,,,,,,,,,,,,,,,2.17,2.3,5.91,,,,1.39,2.96,1.9,1.9,2.95,1.39,,,,,,,,,,,,,,,1.7,2.09,3.13,1.34,,,,,,,,,,,,,,,,,,,,,,,,,,,,,1337652.0,0.0,2.0,A,,,,0.0,1.0,0.0,D,1.0,1.0,0.0,0.0,0.0,0.0,0.0,0.0,0.0,1.0,1.0,0.0,0.0,0.0,1.0,,A,,,,,,,,,,,,,,,,,,,,
03/06/2025,13:00,https://media.api-sports.io/flags/vn.svg,Vietnam,V.League 1,https://media.api-sports.io/football/teams/9160.png,Binh Dinh,13th,https://media.api-sports.io/football/teams/16400.png,CÃ´ng An NhÃ¢n DÃ¢n,4th,,,0.0645405631301259,Double chance : draw or CÃ´ng An NhÃ¢n DÃ¢n,A(2.01),LLLWD,DDWWW,DDLWL,WLDWD,0.8,0.6,2.2,1.4,1.6,,2.8,,1.4,,0.6,,1.0,0.6,0.8,1.0,0.8,0.8,1.0,1.0,0.8,0.8,1.0,1.0,0.0,0.2,0.0,0.4,0.4,1.0,(2-0-2),4,(2-4-8),14,1.5,1.5,2.0,1.0,,,0.5,0.5,0.5,0.5,"   - Home goals/game: 1.00 (-22.48% ðŸ”» avg )
   - *Home corners/game*: 0.00 (0.00% âž– avg)","   - Away goals/game: 1.45 (+34.68% ðŸ”¼ avg)
   - *Away corners/game*: 0.00 (0.00% âž– avg)",   - No total insights,   - O1.5 goals: 74.24% (+5.24% ðŸ”¼ avg),6.0,Away Win (7/10),7.0,Over 1.5,6.0,No Data,,No Data,,Double Chance X2 (7/10),7.0,Away Win,1355195,0.8,,,,,,,0.6,,,,,,,0.0,0.0,0.0,0.0,,0.0,0.0,0.0,0.0,,0.0,0.0,0.0,0.0,,0.0,0.0,0.0,0.0,,0.6,0.0,0.4,,,,,,,,,,,,,,,,,,,,,,,,,"nan,nan,nan,nan,nan","nan,nan,nan,nan,nan","nan,nan,nan,nan,nan","nan,nan,nan,nan,nan","0,0,0,0,0","0,0,0,0,0","0,0,0,0,0","0,0,0,0,0","0,0,0,0,0","0,0,0,0,0","0,0,0,0,0","0,0,0,0,0",0.5,1.00 (2/4),0.50 (2/4),1.00 (2/4),0.50 (2/4),,,,,,,,,,,,,,,,,,,,,,0,0,0,0,0,0,0,0,0.0,0.0,0.0,0.0,0.0,0.0,0.0,0.0,0.0,0.0,0.0,0.0,0,0,0,0,0,0,3.54,3.36,2.01,1.79,1.32,1.29,2.62,1.47,1.89,1.88,1.52,2.49,,,,,,,2.2,1.65,,,,,1.37,2.95,2.12,1.7,,,,,,,1.61,2.28,3.06,1.34,,,,,,,,,,,,,,,,,,,,,4.27,2.13,2.63,,,,1.43,2.65,2.04,1.76,3.05,1.34,,,,,,,,,,,,,,,2.63,1.46,1.95,1.81,,,,,,,,,,,,,,,,,,,,,,,,,,,,,1355195.0,1.0,5.0,A,,,,0.0,0.0,1.0,A,1.0,1.0,1.0,1.0,1.0,1.0,1.0,1.0,0.0,1.0,1.0,1.0,0.0,0.0,0.0,,A,,,,,,,,,,,,,,,,,,,,
08/06/2025,13:00,https://media.api-sports.io/flags/lv.svg,Latvia,1. Liga,https://media.api-sports.io/football/teams/18935.png,AugÅ¡daugava,14th,https://media.api-sports.io/football/teams/4152.png,Progress / AFA Olaine,13th,,,,,,LL,LLL,LLLLL,DLDLL,0.0,0.0,0.0,0.6,0.3333333333333333,,1.2,,3.6666666666666665,,5.2,,0.3333333333333333,1.0,1.0,1.0,0.3333333333333333,0.0,0.8,0.4,1.0,1.0,1.0,0.8,0.2,0.6666666666666666,0.0,0.0,0.4,0.0,(0-0-0),0,(0-0-0),0,1.0,1.0,,,,,,,,,,,,,,,,,,,,,,,,,1360370,0.3333333333333333,,,,,,,0.8,,,,,,,0.0,0.0,0.0,0.0,,0.0,0.0,0.0,0.0,,0.0,0.0,0.0,0.0,,0.0,0.0,0.0,0.0,,0.6,0.4,0.0,,,,,,,,,,,,,,,,,,,,,,,,,"nan,nan,nan","nan,nan,nan","nan,nan,nan,nan,nan","nan,nan,nan,nan,nan","0,0,0","0,0,0","0,0,0,0,0","0,0,0,0,0","0,0,0","0,0,0","0,0,0,0,0","0,0,0,0,0",,,,,,,,,,,,,,,,,,,,,,,,,,,0,0,0,0,0,0,0,0,0.0,0.0,0.0,0.0,0.0,0.0,0.0,0.0,0.0,0.0,0.0,0.0,0,0,0,0,0,0,,,,,,,,,,,,,,,,,,,,,,,,,,,,,,,,,,,,,,,,,,,,,,,,,,,,,,,,,,,,,,,,,,,,,,,,,,,,,,,,,,,,,,,,,,,,,,,,,,,,,,,,,,,,,,,,,,,,,1360370.0,4.0,1.0,H,,,,1.0,0.0,0.0,H,1.0,1.0,1.0,1.0,1.0,1.0,1.0,1.0,0.0,1.0,1.0,0.0,0.0,0.0,0.0,,H,,,,,,,,,,,,,,,,,,,,
06/06/2025,16:00,https://media.api-sports.io/flags/uz.svg,Uzbekistan,Super League,https://media.api-sports.io/football/teams/4221.png,Qizilqum,12th,https://media.api-sports.io/football/teams/16381.png,Xorazm,11th,,,,,,WLWWL,WLLL,LLDWL,LWLDL,1.8,0.8,0.75,0.8,1.4,,0.75,,1.6,,1.0,,0.8,0.75,1.0,0.5,0.8,0.4,0.5,0.25,0.8,0.6,0.5,0.25,0.5,0.2,0.2,0.6,0.25,0.25,(0-0-0),0,(0-0-0),0,1.0,1.0,,,,,,,,,,,,,,,,,,,,,,,,,1348897,0.4,,,,,,,0.25,,,,,,,0.0,0.0,0.0,0.0,,0.0,0.0,0.0,0.0,,0.0,0.0,0.0,0.0,,0.0,0.0,0.0,0.0,,0.6,0.2,0.2,,,,,,,,,,,,,,,,,,,,,,,,,"nan,nan,nan,nan,nan","nan,nan,nan,nan,nan","nan,nan,nan,nan","nan,nan,nan,nan","0,0,0,0,0","0,0,0,0,0","0,0,0,0","0,0,0,0","0,0,0,0,0","0,0,0,0,0","0,0,0,0","0,0,0,0",,,,,,,,,,,,,,,,,,,,,,,,,,,0,0,0,0,0,0,0,0,0.0,0.0,0.0,0.0,0.0,0.0,0.0,0.0,0.0,0.0,0.0,0.0,0,0,0,0,0,0,,,,,,,,,,,,,,,,,,,,,,,,,,,,,,,,,,,,,,,,,,,,,,,,,,,,,,,,,,,,,,,,,,,,,,,,,,,,,,,,,,,,,,,,,,,,,,,,,,,,,,,,,,,,,,,,,,,,,1348897.0,0.0,3.0,A,,,,0.0,0.0,1.0,A,1.0,1.0,1.0,0.0,0.0,1.0,1.0,0.0,0.0,1.0,0.0,0.0,0.0,0.0,1.0,,A,,,,,,,,,,,,,,,,,,,,
07/06/2025,16:00,https://media.api-sports.io/flags/uy.svg,Uruguay,Primera DivisiÃ³n - Apertura,https://media.api-sports.io/football/teams/2358.png,Liverpool Montevideo,4th,https://media.api-sports.io/football/teams/2369.png,Cerro Largo,5th,0.0730917615398363,,,Combo Double chance : Liverpool Montevideo or draw and -3.5 goals,H(1.78),WWDDW,LDWLD,DDWLW,DLLWD,2.2,1.6,1.0,2.0,0.8,,0.8,,0.0,,1.4,,0.0,0.2,0.8,1.0,0.8,0.0,0.6,0.2,0.0,0.0,0.6,0.2,0.4,0.0,0.0,0.8,0.0,0.0,(6-0-0),6,(8-0-3),11,3.0,0.0,2.17,0.67,,,0.6666666666666666,0.6666666666666666,0.3333333333333333,0.6666666666666666,"   - Home goals/game: 1.50 (+18.11% ðŸ”¼ avg )
   - Home corners/game: 0.00 (-100.00% ðŸ”» avg)","   - Away goals/game: 0.62 (-47.92% ðŸ”» avg)
   - Away corners/game: 0.00 (-100.00% ðŸ”» avg)","   - Total match goals/game: 1.95 (-21.00% ðŸ”» avg)
   - Total match corners/game: 0.00 (-100.00% ðŸ”» avg)",   - Total match corners/game: 0.00 (-100.00% ðŸ”» avg),7.0,Home Win (8/10),8.0,Over 1.5,7.0,No Data,,No Data,,Double Chance 1X (7/10),7.0,Home Win,1376006,0.0,,,,,,,0.6,,,,,,,0.0,0.0,0.0,0.0,,0.0,0.0,0.0,0.0,,0.0,0.0,0.0,0.0,,0.0,0.0,0.0,0.0,,0.6,0.2,0.0,,,,,,,,,,,,,,,,,,,,,,,,,"nan,nan,nan,nan,nan","nan,nan,nan,nan,nan","nan,nan,nan,nan,nan","nan,nan,nan,nan,nan","0,0,0,0,0","0,0,0,0,0","0,0,0,0,0","0,0,0,0,0","0,0,0,0,0","0,0,0,0,0","0,0,0,0,0","0,0,0,0,0",0.5,1.00 (4/6),0.67 (3/6),1.17 (5/6),0.00 (0/6),7.0,8.0,3.0,5.0,15.0,16.0,2.0,11.0,,3.0,,,1.0,1.0,1.0,1.0,1.0,1.0,0.0,0.0,,0,0,0,0,0,0,0,0,0.0,0.0,0.0,0.0,0.0,0.0,0.0,0.0,0.0,0.0,0.0,0.0,0,0,0,0,0,0,1.78,3.25,4.2,1.22,1.3,1.95,1.3,3.2,1.85,1.85,1.18,4.33,1.91,1.8,3.8,1.22,1.55,2.3,3.6,1.25,10.0,1.02,1.03,9.0,1.3,3.2,1.95,1.75,3.3,1.29,6.0,1.09,1.04,7.1,1.53,2.47,2.77,1.44,5.65,1.08,,,,,,,,,,,,,,,,,,,2.3,2.15,5.0,2.25,2.3,4.5,1.38,2.8,2.02,1.78,2.8,1.38,6.1,1.08,1.17,1.67,1.57,1.2,1.55,1.62,4.5,1.17,1.4,2.75,1.42,2.75,1.87,1.88,2.72,1.42,4.9,1.15,9.0,1.04,10.75,1.03,,,1.57,2.32,2.15,1.65,3.55,1.27,6.5,1.09,8.0,1.06,12.5,1.01,,,,,,,,,1376006.0,2.0,1.0,H,,,,0.0,1.0,0.0,D,1.0,1.0,1.0,0.0,1.0,0.0,0.0,0.0,0.0,1.0,1.0,1.0,0.0,0.0,0.0,,A,,,,,,,,,,,,,,,,,,,,
08/06/2025,16:00,https://media.api-sports.io/flags/uy.svg,Uruguay,Primera DivisiÃ³n - Apertura,https://media.api-sports.io/football/teams/2363.png,Progreso,7th,https://media.api-sports.io/football/teams/2373.png,Miramar,8th,0.2284090909090909,,,Double chance : Progreso or draw,H(2.20),DWLDL,LWLLL,LLLWL,LLDWL,1.0,0.6,0.6,0.8,0.4,,0.6,,1.6,,2.2,,0.6,0.4,1.0,0.8,0.4,0.0,0.4,0.2,0.8,0.2,1.0,0.2,0.6,0.6,0.0,0.0,0.0,0.0,(0-0-0),0,(1-2-0),3,1.0,1.0,,,,,,,,,"   - Home goals/game: 0.89 (-30.01% ðŸ”» avg )
   - Home corners/game: 0.00 (-100.00% ðŸ”» avg)","   - *Away goals/game*: 1.00 (-16.67% ðŸ”» avg )
   - Away corners/game: 0.00 (-100.00% ðŸ”» avg)","   - Total match corners/game: 0.00 (-100.00% ðŸ”» avg)
   - GG: 70.83% (+17.83% ðŸ”¼ avg)
   - O1.5 goals: 76.39% (+5.39% ðŸ”¼ avg)","   - Total match corners/game: 0.00 (-100.00% ðŸ”» avg)
   - O1.5 goals: 77.78% (+6.78% ðŸ”¼ avg)",5.0,Draw ([5/10]),,Over 1.5,,No Data,,No Data,,Double Chance 1X ([7/10]),,Double Chance 1X,1376008,0.4,,,,,,,0.4,,,,,,,0.0,0.0,0.0,0.0,,0.0,0.0,0.0,0.0,,0.0,0.0,0.0,0.0,,0.0,0.0,0.0,0.0,,0.2,0.4,0.4,,,,,,,,,,,,,,,,,,,,,,,,,"nan,nan,nan,nan,nan","nan,nan,nan,nan,nan","nan,nan,nan,nan,nan","nan,nan,nan,nan,nan","0,0,0,0,0","0,0,0,0,0","0,0,0,0,0","0,0,0,0,0","0,0,0,0,0","0,0,0,0,0","0,0,0,0,0","0,0,0,0,0",,,,,,,,,,,,,,,,,,,,,,,,,,,0,0,0,0,0,0,0,0,0.0,0.0,0.0,0.0,0.0,0.0,0.0,0.0,0.0,0.0,0.0,0.0,0,0,0,0,0,0,2.2,3.1,3.0,1.35,1.35,1.62,1.57,2.25,1.85,1.85,1.29,3.3,2.3,1.55,5.25,1.12,1.4,2.7,2.9,1.36,7.5,1.06,1.05,8.0,1.36,2.9,2.1,1.67,3.6,1.25,7.0,1.07,1.04,6.8,1.62,2.27,2.97,1.3,6.55,1.05,,,,,,,,,,,,,,,,,,,2.88,2.05,3.8,2.7,2.25,3.5,1.44,2.6,2.12,1.7,3.0,1.33,6.7,1.06,1.25,1.75,1.38,1.3,1.57,1.44,4.75,1.15,1.65,2.1,1.65,2.15,2.07,1.7,2.42,1.52,6.2,1.1,7.5,1.07,12.0,1.02,,,1.75,2.02,1.98,1.78,4.4,1.19,5.5,1.13,10.0,1.03,11.5,1.02,,,,,,,,,1376008.0,1.0,0.0,H,,,,0.0,1.0,0.0,D,1.0,0.0,0.0,0.0,0.0,0.0,0.0,0.0,0.0,1.0,0.0,0.0,0.0,1.0,0.0,,H,,,,,,,,,,,,,,,,,,,,
03/06/2025,18:00,https://media.api-sports.io/flags/dz.svg,Algeria,Ligue 1,https://media.api-sports.io/football/teams/911.png,CS Constantine,9th,https://media.api-sports.io/football/teams/10752.png,Khenchela,12th,,,,,,DDDDW,LDLLW,DDDWW,WLWDL,1.4,1.2,0.8,1.4,1.6,,0.8,,1.0,,1.6,,0.6,0.8,0.8,0.6,0.8,0.6,0.6,0.2,0.8,0.6,0.8,0.4,0.4,0.0,0.4,0.2,0.2,0.2,(2-0-0),2,(3-1-1),5,3.0,0.0,2.5,0.5,,,1.0,0.5,0.5,0.5,,,,,,,,,,,,,,,,,1240479,0.6,,,,,,,0.4,,,,,,,0.0,0.0,0.0,0.0,,0.0,0.0,0.0,0.0,,0.0,0.0,0.0,0.0,,0.0,0.0,0.0,0.0,,0.6,0.2,0.2,,,,,,,,,,,,,,,,,,,,,,,,,"nan,nan,nan,nan,nan","nan,nan,nan,nan,nan","nan,nan,nan,nan,nan","nan,nan,nan,nan,nan","0,0,0,0,0","0,0,0,0,0","0,0,0,0,0","0,0,0,0,0","0,0,0,0,0","0,0,0,0,0","0,0,0,0,0","0,0,0,0,0",0.5,1.00 (2/2),0.00 (0/2),1.50 (2/2),0.50 (1/2),,,,,,,,,,,,,,,,,,,,,,0,0,0,0,0,0,0,0,0.0,0.0,0.0,0.0,0.0,0.0,0.0,0.0,0.0,0.0,0.0,0.0,0,0,0,0,0,0,,,,,,,,,,,,,,,,,,,,,,,,,,,,,,,,,,,,,,,,,,,,,,,,,,,,,,,,,,,,,,,,,,,,,,,,,,,,,,,,,,,,,,,,,,,,,,,,,,,,,,,,,,,,,,,,,,,,,1240479.0,2.0,1.0,H,,,,0.0,1.0,0.0,D,1.0,1.0,1.0,0.0,1.0,1.0,1.0,0.0,0.0,1.0,0.0,0.0,0.0,0.0,0.0,,A,,,,,,,,,,,,,,,,,,,,
07/06/2025,20:00,https://media.api-sports.io/flags/uy.svg,Uruguay,Primera DivisiÃ³n - Apertura,https://media.api-sports.io/football/teams/2352.png,Danubio,1st,https://media.api-sports.io/football/teams/2365.png,Atletico Torque,5th,-0.146794685287557,,,Double chance : Danubio or draw,H(2.31),DDLLD,LDWDW,WWWDL,LLLLL,0.6,2.2,1.6,0.0,0.8,,1.4,,0.8,,1.4,,0.2,0.8,0.4,0.8,0.6,0.2,0.8,0.6,0.6,0.4,0.8,0.8,0.0,0.0,0.2,0.2,0.4,0.4,(1-0-0),1,(3-4-0),7,3.0,0.0,1.0,0.0,,,0.0,0.0,1.0,1.0,,,,,,,,,,,,,,,,,1376009,0.4,,,,,,,0.8,,,,,,,0.0,0.0,0.0,0.0,,0.0,0.0,0.0,0.0,,0.0,0.0,0.0,0.0,,0.0,0.0,0.0,0.0,,0.6,0.2,0.2,,,,,,,,,,,,,,,,,,,,,,,,,"nan,nan,nan,nan,nan","nan,nan,nan,nan,nan","nan,nan,nan,nan,nan","nan,nan,nan,nan,nan","0,0,0,0,0","0,0,0,0,0","0,0,0,0,0","0,0,0,0,0","0,0,0,0,0","0,0,0,0,0","0,0,0,0,0","0,0,0,0,0",0.0,0.00 (0/1),0.00 (0/1),1.00 (1/1),0.00 (0/1),8.0,4.0,,,9.0,11.0,4.0,8.0,1.0,2.0,,,1.0,1.0,1.0,1.0,1.0,1.0,0.0,0.0,,0,0,0,0,0,0,0,0,0.0,0.0,0.0,0.0,0.0,0.0,0.0,0.0,0.0,0.0,0.0,0.0,0,0,0,0,0,0,2.31,3.09,3.34,,,,,,,,,,2.79,1.43,,,1.52,2.46,,,,,,,1.47,2.6,2.51,1.5,4.82,1.16,,,,,1.88,1.94,,,,,,,,,,,,,,,,,,,,,,,3.08,2.0,4.21,,,,1.52,2.44,2.38,1.55,,,,,,,,,,,,,,,,,2.23,1.62,2.7,1.42,,,,,,,,,,,,,,,,,,,,,,,,,,,,,1376009.0,3.0,2.0,H,,,,1.0,0.0,0.0,H,1.0,1.0,1.0,1.0,1.0,1.0,0.0,0.0,0.0,1.0,1.0,1.0,1.0,0.0,0.0,,H,,,,,,,,,,,,,,,,,,,,
08/06/2025,20:00,https://media.api-sports.io/flags/uy.svg,Uruguay,Primera DivisiÃ³n - Apertura,https://media.api-sports.io/football/teams/2353.png,Juventud,4th,https://media.api-sports.io/football/teams/2359.png,Racing Montevideo,2nd,,,,Combo Double chance : draw or Racing Montevideo and -3.5 goals,A(2.62),WWLWW,WWWLD,WWWDW,WWDDD,2.4,2.0,2.0,1.8,1.4,,0.2,,0.4,,0.4,,0.4,0.2,0.8,0.4,1.0,0.2,0.2,0.0,0.2,0.2,0.0,0.0,0.4,0.0,0.2,1.0,0.2,0.2,(4-0-1),5,(5-1-3),9,2.4,0.6,1.6,0.8,,,0.4,0.4,0.6,0.6,,,,,,,,,,,,,,,,,1376011,0.2,,,,,,,0.0,,,,,,,0.0,0.0,0.0,0.0,,0.0,0.0,0.0,0.0,,0.0,0.0,0.0,0.0,,0.0,0.0,0.0,0.0,,0.6,0.2,0.2,,,,,,,,,,,,,,,,,,,,,,,,,"nan,nan,nan,nan,nan","nan,nan,nan,nan,nan","nan,nan,nan,nan,nan","nan,nan,nan,nan,nan","0,0,0,0,0","0,0,0,0,0","0,0,0,0,0","0,0,0,0,0","0,0,0,0,0","0,0,0,0,0","0,0,0,0,0","0,0,0,0,0",0.4,0.80 (2/5),0.60 (2/5),0.80 (3/5),0.20 (1/5),,,,,,,,,,,,,,,,,,,,,,0,0,0,0,0,0,0,0,0.0,0.0,0.0,0.0,0.0,0.0,0.0,0.0,0.0,0.0,0.0,0.0,0,0,0,0,0,0,2.38,3.2,2.62,1.45,1.3,1.55,1.75,1.95,1.73,2.0,1.29,3.4,2.3,1.55,5.25,1.12,1.3,3.2,2.4,1.5,5.75,1.1,1.03,9.0,1.29,3.3,1.91,1.8,3.2,1.3,5.75,1.1,1.03,7.5,1.5,2.55,2.67,1.45,5.3,1.09,,,,,,,,,,,,,,,,,,,3.0,2.15,3.3,2.8,2.38,3.1,1.38,2.8,1.95,1.82,2.7,1.4,5.65,1.09,1.3,1.67,1.38,1.35,1.55,1.4,4.0,1.2,1.8,1.91,1.78,1.95,2.07,1.7,2.2,1.62,6.2,1.1,6.5,1.09,12.0,1.01,12.5,1.01,1.72,2.05,1.82,1.93,4.4,1.19,4.75,1.16,10.0,1.03,10.5,1.03,,,,,,,,,1376011.0,2.0,1.0,H,,,,0.0,0.0,1.0,A,1.0,1.0,1.0,0.0,1.0,1.0,0.0,0.0,0.0,1.0,1.0,0.0,0.0,0.0,0.0,,A,,,,,,,,,,,,,,,,,,,,
03/06/2025,21:00,https://media.api-sports.io/flags/cl.svg,Chile,Primera DivisiÃ³n,https://media.api-sports.io/football/teams/2321.png,Union Espanola,15th,https://media.api-sports.io/football/teams/16730.png,Deportes Limache,13th,,,,Double chance : draw or Deportes Limache,A(3.08),LLWLL,DLLLL,LLLLL,WLWLL,0.6,0.0,0.2,1.8,1.2,,1.0,1.76,1.0,,2.6,0.74,0.8,1.0,0.6,1.0,0.4,0.4,1.0,0.0,0.6,0.6,1.0,1.0,0.0,0.6,0.4,0.4,0.4,0.0,(0-0-0),0,(0-0-0),0,1.0,1.0,,,,,,,,,,,,,,,,,,,,,,,,,1339106,0.0,16.6,4.8,11.8,6.0,2.4,1.0,1.0,13.6,6.0,15.4,7.6,2.2,1.0,1.0,1.0,1.0,1.0,2.4,1.0,1.0,0.6,0.4,1.0,1.0,1.0,1.0,1.0,2.2,1.0,1.0,1.0,0.6,1.0,0.2,0.2,0.6,14.8,4.0,4.8,8.6,3.2,1.0,18.4,6.0,5.8,10.0,2.2,1.0,14.8,4.0,4.8,8.6,3.2,1.0,18.4,6.0,5.8,10.0,2.2,1.0,"4.0,4.0,8.0,8.0,6.0","8.0,8.0,5.0,5.0,7.0","8.0,5.0,5.0,10.0,10.0","4.0,8.0,8.0,7.0,7.0","1,1,4,4,2","2,2,2,2,2","1,4,4,1,1","6,5,5,3,3","13,13,12,12,9","10,10,11,11,12","9,22,22,12,12","10,11,11,11,11",,,,,,,,,,,,,,,,,,,,,,,,,,,0,0,0,0,0,0,0,0,0.0,0.0,0.0,0.0,0.0,0.0,0.0,0.0,0.0,0.0,0.0,0.0,0,0,0,0,0,0,2.14,3.78,3.08,1.37,1.27,1.72,1.61,2.32,1.56,2.43,,,1.96,1.84,,,,,2.43,1.56,,,,,1.2,4.58,1.64,2.27,2.59,1.5,4.62,1.19,,,,,2.05,1.78,,,,,,,1.59,2.29,1.74,2.05,1.97,1.83,2.24,1.63,2.48,1.51,,,,,2.69,2.42,3.63,,,,,,1.59,2.36,2.45,1.55,,,1.28,1.55,1.46,,,,3.86,1.25,1.63,2.23,,,1.78,2.0,2.1,1.71,,,,,,,,,,,,,,,,,,,,,1.48,2.44,2.0,1.71,1.74,1.99,,,1339106.0,2.0,2.0,D,13.0,5.0,,0.0,0.0,1.0,A,1.0,1.0,1.0,1.0,1.0,1.0,0.0,0.0,0.0,1.0,1.0,1.0,0.0,0.0,0.0,,A,6.0,19.0,8.0,10.0,2.0,59%,4.0,,1.0,,3.0,12.0,6.0,3.0,1.0,41%,1.0,,3.0,
07/06/2025,21:00,https://media.api-sports.io/flags/br.svg,Brazil,Serie B,https://media.api-sports.io/football/teams/125.png,America Mineiro,12th,https://media.api-sports.io/football/teams/7826.png,FerroviÃ¡ria,13th,0.1366649668536461,,,Double chance : America Mineiro or draw,H(1.68),WWWDW,DDLDL,LWLDL,DLDDW,2.6,0.8,0.6,0.8,1.8,2.31,0.8,,0.8,0.2,1.6,,0.8,0.6,0.4,1.0,1.0,0.6,0.4,0.4,0.6,0.6,0.6,0.4,0.6,0.0,0.6,0.8,0.0,0.0,(0-0-0),0,(0-0-0),0,1.0,1.0,,,,,,,,,"   - Home goals/game: 1.80 (+36.36% ðŸ”¼ avg )
   - *Home corners/game*: 5.80 (+-0.17% ðŸ”¼ avg)","   - Away goals/game: 0.40 (-53.49% ðŸ”» avg)
   - *Away corners/game*: 4.20 (-7.89% ðŸ”» avg)","   - Total match corners/game: 12.00 (+16.62% ðŸ”¼ avg)
   - O8.5 corners: 90.00% (+19.00% ðŸ”¼ avg)","   - U2.5 goals: 80.00% (+17.00% ðŸ”¼ avg)
   - U3.5 goals: 90.00% (+8.00% ðŸ”¼ avg)",7.0,Home Win (0.7/10),0.0,Under 2.5,0.0,Over 8.5,0.0,Not enough data,,Double Chance 1X (0.9/10),0.0,Double Chance 1X,1353367,0.6,14.2,6.4,13.2,7.4,1.8,,0.4,15.6,5.0,13.8,5.2,2.6,,1.0,1.0,1.0,0.8,1.8,1.0,0.6,0.6,0.4,,1.0,1.0,1.0,0.6,2.6,1.0,1.0,1.0,1.0,,0.6,0.4,0.0,13.0,4.0,4.2,13.8,2.6,,11.2,2.8,6.2,12.4,2.0,,13.0,4.0,4.2,13.8,2.6,,11.2,2.8,6.2,12.4,2.0,,"4.0,10.0,10.0,7.0,6.0","7.0,9.0,9.0,5.0,4.0","7.0,7.0,2.0,2.0,8.0","8.0,8.0,8.0,8.0,4.0","2,1,1,1,4","2,1,1,4,1","3,3,3,3,1","3,3,2,2,4","10,13,13,13,17","14,13,13,10,14","16,16,13,13,11","17,17,21,21,25",,,,,,,,,,,,,,,,,,,,,,,,,,,0,0,0,0,0,0,0,0,0.0,0.0,0.0,0.0,0.0,0.0,0.0,0.0,0.0,0.0,0.0,0.0,0,0,0,0,0,0,1.68,3.54,5.48,,,,,,,,,,2.0,1.8,,,1.81,2.03,,,,,,,1.42,2.94,2.3,1.65,4.27,1.23,,,,,1.71,2.21,,,,,,,,,,,,,,,,,,,,,,,2.28,2.16,6.13,,,,1.48,2.7,2.16,1.7,3.42,1.33,,,,,,,,,,,,,,,1.81,1.95,3.47,1.31,,,,,,,,,,,,,,,,,,,,,,,,,,,,,1353367.0,1.0,2.0,A,12.0,5.0,1.0,1.0,0.0,0.0,H,1.0,1.0,1.0,0.0,1.0,1.0,0.0,0.0,0.0,1.0,1.0,0.0,0.0,0.0,0.0,,H,4.0,15.0,15.0,9.0,1.0,51%,2.0,0.0,4.0,,6.0,14.0,9.0,3.0,1.0,49%,3.0,1.0,3.0,
08/06/2025,21:00,https://media.api-sports.io/flags/br.svg,Brazil,Serie B,https://media.api-sports.io/football/teams/151.png,Goias,1st,https://media.api-sports.io/football/teams/7814.png,Volta Redonda,15th,0.2270988603651565,,,Combo Double chance : Goias or draw and -3.5 goals,H(1.94),WDWWW,LLLDD,WWDWW,WDDDW,2.6,2.6,0.4,1.4,1.6,,0.6,,0.4,,1.0,,0.6,0.6,0.6,0.4,1.0,0.6,0.6,0.0,0.6,0.4,0.6,0.4,0.0,0.0,0.6,1.0,0.0,0.0,(0-0-0),0,(0-0-0),0,1.0,1.0,,,,,,,,,"   - Home goals/game: 1.60 (+21.21% ðŸ”¼ avg )
   - Home corners/game: 8.20 (+41.14% ðŸ”¼ avg)","   - Away goals/game: 0.40 (-53.49% ðŸ”» avg)
   - *Away corners/game*: 4.80 (+5.26% ðŸ”¼ avg)","   - Total match corners/game: 12.80 (+24.39% ðŸ”¼ avg)
   - O8.5 corners: 100.00% (+29.00% ðŸ”¼ avg)","   - Total match goals/game: 1.20 (-44.95% ðŸ”» avg)
   - U2.5 goals: 90.00% (+27.00% ðŸ”¼ avg)
   - U3.5 goals: 100.00% (+18.00% ðŸ”¼ avg)
   - U12.5 corners: 90.00% (+15.00% ðŸ”¼ avg)",8.0,Home Win (8/10),8.0,Under 2.5,7.0,Over 8.5,6.0,No Strong Signal,,Double Chance 1X (9/10),9.0,Home Win,1353361,0.4,19.0,5.2,14.6,8.0,2.0,0.0,0.6,15.0,4.8,16.2,5.6,4.0,0.0,1.0,1.0,1.0,1.0,2.0,0.6,0.6,0.6,0.6,0.0,1.0,1.0,0.8,0.8,4.0,1.0,1.0,1.0,1.0,0.0,0.6,0.4,0.0,16.8,4.6,5.2,14.2,2.6,0.0,10.2,3.6,4.4,14.6,3.0,1.0,16.8,4.6,5.2,14.2,2.6,0.0,10.2,3.6,4.4,14.6,3.0,1.0,"13.0,13.0,5.0,5.0,4.0","5.0,5.0,7.0,7.0,8.0","6.0,6.0,5.0,5.0,6.0","6.0,6.0,10.0,10.0,3.0","2,2,1,1,4","4,4,0,0,1","3,3,6,6,2","4,4,4,4,3","11,11,13,13,25","10,10,4,4,11","18,18,15,15,15","14,14,13,13,14",,,,,,,,,,,,,,,,,,,,,,,,,,,0,0,0,0,0,0,0,0,0.0,0.0,0.0,0.0,0.0,0.0,0.0,0.0,0.0,0.0,0.0,0.0,0,0,0,0,0,0,1.94,3.25,4.23,,,,,,,,,,2.37,1.58,,,1.69,2.15,,,,,,,1.48,2.63,2.47,1.54,4.71,1.18,,,,,1.85,1.97,,,,,,,,,,,,,,,,,,,,,,,2.72,2.01,5.08,,,,1.55,2.44,2.43,1.55,,,,,,,,,,,,,,,,,2.08,1.71,3.12,1.34,,,,,,,,,,,,,,,,,,,,,,,,,,,,,,,,,,,,,,,,,,,,,,,,,,,,,,,,,,,,,,,,,,,,,,,,,,,,
07/06/2025,22:30,https://media.api-sports.io/flags/uy.svg,Uruguay,Primera DivisiÃ³n - Apertura,https://media.api-sports.io/football/teams/2360.png,Wanderers,2nd,https://media.api-sports.io/football/teams/2355.png,Plaza Colonia,7th,-0.0239245283018866,,,Combo Double chance : Wanderers or draw and -3.5 goals,H(2.59),LDDDL,DWDLL,WWWLL,DLLLD,0.6,1.8,1.0,0.2,0.6,,0.4,,0.8,,1.6,,0.6,0.2,0.4,1.0,0.6,0.0,0.4,0.0,0.4,0.4,0.6,0.4,0.6,0.0,0.2,0.2,0.0,0.0,(1-2-3),6,(1-3-6),10,0.8333333333333334,1.8333333333333333,1.0,1.33,,,0.6666666666666666,0.5,0.5,0.6666666666666666,,,,,,,,,,,,,,,,,1376005,0.4,,,,,,,0.4,,,,,,,0.0,0.0,0.0,0.0,,0.0,0.0,0.0,0.0,,0.0,0.0,0.0,0.0,,0.0,0.0,0.0,0.0,,0.4,0.4,0.2,,,,,,,,,,,,,,,,,,,,,,,,,"nan,nan,nan,nan,nan","nan,nan,nan,nan,nan","nan,nan,nan,nan,nan","nan,nan,nan,nan,nan","0,0,0,0,0","0,0,0,0,0","0,0,0,0,0","0,0,0,0,0","0,0,0,0,0","0,0,0,0,0","0,0,0,0,0","0,0,0,0,0",0.5,0.50 (2/6),0.67 (4/6),0.50 (2/6),0.67 (3/6),4.0,10.0,,1.0,9.0,13.0,5.0,6.0,2.0,4.0,,,1.0,1.0,1.0,1.0,1.0,1.0,1.0,1.0,,0,0,0,0,0,0,0,0,0.0,0.0,0.0,0.0,0.0,0.0,0.0,0.0,0.0,0.0,0.0,0.0,0,0,0,0,0,0,2.59,3.05,2.94,,,,,,,,1.39,2.96,2.91,1.38,,,1.45,2.72,,,,,1.1,6.85,1.48,2.65,2.52,1.52,4.87,1.17,,,,,1.86,1.96,,,,,,,,,,,,,,,,,,,,,,,3.38,1.99,3.77,,,,1.53,2.48,2.38,1.57,,,,,,,,,,,,,,,,,2.36,1.56,2.53,1.49,,,,,,,,,,,,,,,,,,,,,,,,,,,,,1376005.0,1.0,1.0,D,,,,1.0,0.0,0.0,H,1.0,1.0,0.0,0.0,1.0,1.0,0.0,0.0,0.0,1.0,0.0,0.0,0.0,0.0,0.0,,H,,,,,,,,,,,,,,,,,,,,
05/06/2025,23:00,https://media.api-sports.io/flags/br.svg,Brazil,Serie B,https://media.api-sports.io/football/teams/2618.png,Botafogo SP,17th,https://media.api-sports.io/football/teams/147.png,Coritiba,2nd,,,0.0149139844617092,Double chance : draw or Coritiba,A(2.73),DDLLW,WLLLW,DWLLW,WWWLL,1.0,0.8,1.2,1.8,0.4,,0.6,,1.8,,1.2,,1.0,0.4,0.6,1.0,0.2,0.2,0.6,0.0,0.6,0.6,0.4,0.4,0.4,0.8,0.2,0.2,0.4,0.2,(1-0-1),2,(2-0-2),4,1.5,1.5,1.0,0.5,1.39,0.63,0.5,0.0,1.0,1.0,"   - Home goals/game: 1.00 (-24.24% ðŸ”» avg )
   - Home corners/game: 4.40 (-24.27% ðŸ”» avg)","   - *Away goals/game*: 0.80 (-6.98% ðŸ”» avg )
   - Away corners/game: 6.40 (40.35% ðŸ”¼ avg)","   - Total match goals/game: 2.60 (+19.27% ðŸ”¼ avg)
   - O1.5 goals: 80.00% (+18.00% ðŸ”¼ avg)","   - Total match goals/game: 1.60 (-26.61% ðŸ”» avg)
   - O8.5 corners: 80.00% (+9.00% ðŸ”¼ avg)
   - U12.5 corners: 80.00% (+5.00% ðŸ”¼ avg)",4.0,Home or Draw (4/10),4.0,Under 2.5,5.0,Over 8.5,6.0,Over 3.5,5.0,Double Chance 1X (4/10),4.0,Under 2.5 Goals,1353369,0.2,11.2,3.0,8.0,5.0,1.8,,0.4,9.0,1.6,9.2,5.6,3.0,,1.0,0.8,0.8,0.8,1.8,1.0,1.0,1.0,0.4,,1.0,0.6,0.6,0.6,3.0,0.6,0.6,0.6,0.6,,0.6,0.2,0.2,16.8,5.2,4.4,10.8,2.2,,10.2,3.6,3.2,9.0,2.8,,16.8,5.2,4.4,10.8,2.2,,10.2,3.6,3.2,9.0,2.8,,"5.0,5.0,7.0,7.0,1.0","8.0,8.0,6.0,6.0,7.0","6.0,6.0,7.0,7.0,2.0","2.0,2.0,5.0,5.0,9.0","3,3,1,1,1","3,3,3,3,3","5,5,0,0,5","2,2,1,1,4","10,10,8,8,4","15,15,16,16,6","16,16,4,4,6","9,9,13,13,16",0.0,0.00 (0/2),0.50 (1/2),1.00 (1/2),0.00 (0/2),11.5,7.5,3.0,3.5,13.5,20.0,6.0,4.0,1.5,3.5,1.0,,1.0,1.0,1.0,0.0,1.0,1.0,1.0,0.5,,0,0,0,0,0,0,0,0,0.0,0.0,0.0,0.0,0.0,0.0,0.0,0.0,0.0,0.0,0.0,0.0,0,0,0,0,0,0,3.03,2.8,2.73,,,,,,,,1.5,2.55,,,,,1.45,2.73,,,,,1.13,5.89,1.56,2.42,2.83,1.43,5.63,1.14,,,,,2.08,1.77,,,,,,,,,,,,,,,,,,,,,,,3.87,1.91,3.56,,,,1.61,2.31,2.66,1.47,,,,,,,,,,,,,,,,,2.66,1.45,2.52,1.5,,,,,,,,,,,,,,,,,,,,,,,,,,,,,1353369.0,0.0,0.0,D,11.0,5.0,,0.0,1.0,0.0,D,0.0,0.0,0.0,0.0,0.0,0.0,0.0,0.0,0.0,0.0,0.0,0.0,0.0,0.0,0.0,,,3.0,7.0,14.0,3.0,1.0,40%,2.0,,4.0,,3.0,8.0,13.0,8.0,0.0,60%,3.0,,3.0,
08/06/2025,23:00,https://media.api-sports.io/flags/br.svg,Brazil,Serie B,https://media.api-sports.io/football/teams/134.png,Atletico Paranaense,11th,https://media.api-sports.io/football/teams/144.png,Atletico Goianiense,14th,0.2669368916947653,,,Double chance : Atletico Paranaense or draw,H(1.83),WWLDW,DLDDL,DWLDL,LLDDW,2.0,1.2,0.6,0.6,1.0,2.92,0.6,,2.0,0.51,0.8,,0.4,0.6,1.0,0.4,1.0,0.0,0.6,0.0,0.8,0.4,0.6,0.2,0.0,0.0,0.0,0.2,0.4,0.0,(6-1-0),7,(11-3-0),14,2.7142857142857144,0.1428571428571428,2.29,1.0,1.35,1.03,1.0,0.8571428571428571,0.1428571428571428,0.7142857142857143,"   - *Home goals/game*: 1.40 (+6.06% ðŸ”¼ avg )
   - *Home corners/game*: 6.00 (+3.27% ðŸ”¼ avg)","   - Away goals/game: 0.60 (-30.23% ðŸ”» avg)
   - *Away corners/game*: 5.00 (+9.65% ðŸ”¼ avg)","   - Total match goals/game: 2.90 (+33.03% ðŸ”¼ avg)
   - GG: 80.00% (+37.00% ðŸ”¼ avg)
   - O1.5 goals: 90.00% (+28.00% ðŸ”¼ avg)
   - U12.5 corners: 80.00% (+5.00% ðŸ”¼ avg)","   - O1.5 goals: 80.00% (+18.00% ðŸ”¼ avg)
   - O8.5 corners: 100.00% (+29.00% ðŸ”¼ avg)
   - U12.5 corners: 90.00% (+15.00% ðŸ”¼ avg)",8.0,Home Win (8/10),8.0,Over 1.5,8.0,Over 9.5,7.0,Over 3.5,6.0,Double Chance 1X (9/10),9.0,Home Win,1353360,0.8,15.2,5.4,14.0,6.6,2.0,2.0,0.6,12.2,3.8,15.2,4.4,3.0,,0.4,0.4,0.4,0.4,2.0,1.0,0.8,0.8,0.4,2.0,1.0,1.0,1.0,0.4,3.0,1.0,1.0,1.0,1.0,,0.8,0.2,0.0,14.6,5.0,5.2,14.6,2.2,1.0,8.6,3.2,2.8,12.8,2.4,0.0,14.6,5.0,5.2,14.6,2.2,1.0,8.6,3.2,2.8,12.8,2.4,0.0,"4.0,4.0,10.0,10.0,5.0","2.0,2.0,1.0,1.0,1.0","5.0,5.0,4.0,4.0,4.0","7.0,7.0,6.0,6.0,6.0","3,3,2,2,0","4,4,2,2,2","5,5,2,2,1","3,3,3,3,4","14,14,10,10,22","15,15,10,10,15","23,23,8,8,14","20,20,14,14,17",0.8571428571428571,1.14 (5/7),0.43 (3/7),1.14 (5/7),0.57 (4/7),12.4,13.0,5.8,4.2,14.0,11.4,5.0,4.4,2.4,2.0,1.0,,0.6,0.6,0.4,0.4,1.0,1.0,0.6,0.4,,0,0,0,0,0,0,0,0,0.0,0.0,0.0,0.0,0.0,0.0,0.0,0.0,0.0,0.0,0.0,0.0,0,0,0,0,0,0,1.83,3.41,4.59,,,,,,,,,,2.25,1.63,,,1.75,2.02,,,,,,,1.47,2.62,2.45,1.53,4.64,1.17,,,,,1.84,1.98,,,,,,,,,,,,,,,,,,,,,,,2.51,2.06,5.6,,,,1.51,2.48,2.33,1.57,,,,,,,,,,,,,,,,,1.96,1.79,3.27,1.3,,,,,,,,,,,,,,,,,,,,,,,,,,,,,,,,,,,,,,,,,,,,,,,,,,,,,,,,,,,,,,,,,,,,,,,,,,,,
